Employee ID	Gender	Age	BusinessTravel	Department	DistanceFromHome (KM)	State	Ethnicity	Education	EducationField	JobRole	MaritalStatus	Salary	StockOptionLevel	OverTime	HireDate	Attrition	YearsAtCompany	YearsInMostRecentRole	YearsSinceLastPromotion	YearsWithCurrManager
1	Female	30	Some Travel	Sales	27	IL	White	5	Marketing	Sales Executive	Divorced	102059	1	No	"Tuesday, January 3, 2012"	No	10	4	9	7
2	Male	38	Some Travel	Sales	23	CA	White	4	Marketing	Sales Executive	Single	157718	0	Yes	"Wednesday, January 4, 2012"	No	10	6	10	0
3	Male	43	Some Travel	Human Resources	29	CA	Asian or Asian American	4	Marketing 	HR Business Partner	Married	309964	1	No	"Wednesday, January 4, 2012"	No	10	6	10	8
4	Non-Binary	39	Some Travel	Technology	12	IL	White	3	Computer Science	Engineering Manager	Married	293132	0	No	"Thursday, January 5, 2012"	No	10	10	10	0
5	Female	29	Some Travel	Human Resources	29	CA	White	2	Technical Degree	Recruiter	Single	49606	0	No	"Thursday, January 5, 2012"	Yes	6	1	1	6
6	Male	34	Some Travel	Sales	30	NY	Mixed or multiple ethnic groups	2	Marketing	Sales Executive	Divorced	133468	1	No	"Thursday, January 5, 2012"	No	10	3	7	9
7	Female	42	No Travel 	Technology	45	NY	Black or African American	3	Information Systems	Engineering Manager	Married	259284	1	No	"Monday, January 9, 2012"	No	10	2	6	6
8	Female	40	Some Travel	Sales	3	CA	Native Hawaiian 	2	Other	Sales Executive	Divorced	104426	1	No	"Wednesday, January 11, 2012"	No	10	3	4	6
9	Male	38	Some Travel	Sales	20	IL	Black or African American	4	Marketing 	Sales Executive	Married	147098	1	No	"Wednesday, January 11, 2012"	No	10	5	8	2
10	Female	31	Frequent Traveller	Technology	4	NY	Native Hawaiian 	2	Information Systems	Data Scientist	Single	69747	0	No	"Thursday, January 12, 2012"	Yes	6	5	5	1
11	Female	32	Some Travel	Technology	42	CA	White	4	Computer Science	Data Scientist	Single	102022	0	No	"Thursday, January 12, 2012"	No	10	4	5	8
12	Female	35	Some Travel	Technology	8	NY	Other 	4	Information Systems	Machine Learning Engineer	Single	272175	0	No	"Thursday, January 12, 2012"	No	10	7	8	2
13	Male	38	Some Travel	Sales	35	NY	Asian or Asian American	3	Marketing 	Manager	Single	340229	0	Yes	"Friday, January 13, 2012"	No	10	7	9	3
14	Non-Binary	37	Some Travel	Technology	3	IL	White	3	Computer Science	Software Engineer	Divorced	48395	1	No	"Sunday, January 15, 2012"	No	10	2	2	4
15	Male	33	Some Travel	Technology	4	NY	Mixed or multiple ethnic groups	4	Other	Senior Software Engineer	Single	97126	0	No	"Sunday, January 15, 2012"	No	10	8	10	2
16	Female	42	Some Travel	Technology	21	IL	Black or African American	3	Information Systems	Engineering Manager	Married	316208	1	No	"Tuesday, January 17, 2012"	No	10	8	8	7
17	Male	43	Some Travel	Sales	27	CA	Mixed or multiple ethnic groups	3	Marketing	Sales Executive	Single	128885	0	Yes	"Tuesday, January 17, 2012"	No	10	1	10	2
18	Male	43	No Travel 	Sales	34	NY	White	4	Marketing 	Sales Executive	Married	108315	2	No	"Tuesday, January 17, 2012"	No	10	9	10	10
19	Female	45	Frequent Traveller	Technology	19	NY	Asian or Asian American	1	Computer Science	Software Engineer	Married	136521	1	No	"Wednesday, January 18, 2012"	No	10	3	6	1
20	Female	38	Some Travel	Sales	1	CA	White	1	Economics	Sales Executive	Single	151141	0	No	"Thursday, January 19, 2012"	No	10	3	6	9
21	Female	39	Frequent Traveller	Sales	17	CA	White	2	Technical Degree	Sales Executive	Married	107863	1	Yes	"Thursday, January 19, 2012"	Yes	8	8	8	5
22	Male	33	Some Travel	Human Resources	3	CA	Mixed or multiple ethnic groups	1	Technical Degree	Recruiter	Divorced	53616	1	Yes	"Thursday, January 19, 2012"	No	10	2	3	7
23	Male	36	No Travel 	Technology	36	IL	White	2	Information Systems	Software Engineer	Divorced	61298	1	Yes	"Thursday, January 19, 2012"	No	10	3	9	3
24	Female	45	Some Travel	Human Resources	34	NY	Black or African American	2	Human Resources	Recruiter	Divorced	54132	1	Yes	"Friday, January 20, 2012"	No	10	10	10	10
25	Male	30	Some Travel	Technology	36	CA	American Indian or Alaska Native	4	Information Systems	Engineering Manager	Married	328415	0	No	"Friday, January 20, 2012"	No	10	1	10	1
26	Non-Binary	48	Some Travel	Technology	37	CA	White	3	Computer Science	Machine Learning Engineer	Single	145337	0	No	"Saturday, January 21, 2012"	No	10	10	10	0
27	Male	33	Some Travel	Sales	41	CA	Asian or Asian American	2	Marketing	Sales Executive	Married	71201	2	No	"Tuesday, January 24, 2012"	No	10	8	10	4
28	Female	31	No Travel 	Human Resources	25	NY	American Indian or Alaska Native	2	Marketing 	Recruiter	Divorced	55682	1	No	"Wednesday, January 25, 2012"	No	10	0	2	0
29	Male	40	Some Travel	Sales	35	NY	White	2	Marketing	Sales Representative	Married	63455	1	Yes	"Thursday, January 26, 2012"	No	10	4	8	7
30	Female	47	Frequent Traveller	Sales	21	CA	White	3	Economics	Sales Executive	Single	65626	0	No	"Friday, January 27, 2012"	No	10	2	5	1
31	Female	30	Frequent Traveller	Technology	44	CA	Black or African American	1	Computer Science	Software Engineer	Single	68508	0	Yes	"Saturday, January 28, 2012"	Yes	5	4	4	4
32	Female	32	Some Travel	Technology	22	IL	White	2	Other	Data Scientist	Married	75821	1	No	"Monday, January 30, 2012"	No	10	1	5	1
33	Male	44	Some Travel	Sales	40	NY	White	2	Economics	Manager	Divorced	285620	1	No	"Monday, January 30, 2012"	No	10	6	8	4
34	Female	48	Some Travel	Technology	17	CA	Black or African American	3	Information Systems	Software Engineer	Single	65860	0	No	"Wednesday, February 1, 2012"	No	10	6	7	1
35	Male	47	Some Travel	Technology	41	NY	American Indian or Alaska Native	1	Computer Science	Data Scientist	Married	40786	0	No	"Wednesday, February 1, 2012"	No	10	3	5	5
36	Female	31	Some Travel	Technology	20	CA	White	2	Computer Science	Software Engineer	Single	59697	0	Yes	"Thursday, February 2, 2012"	Yes	7	5	6	0
37	Female	32	No Travel 	Technology	12	NY	Black or African American	3	Computer Science	Engineering Manager	Married	316725	1	No	"Thursday, February 2, 2012"	No	10	6	10	2
38	Female	28	Some Travel	Technology	14	IL	White	2	Business Studies	Software Engineer	Divorced	105984	2	Yes	"Saturday, February 4, 2012"	No	10	7	9	10
39	Male	32	Some Travel	Technology	15	CA	Mixed or multiple ethnic groups	3	Other	Analytics Manager	Married	393294	1	No	"Saturday, February 4, 2012"	No	10	2	2	2
40	Female	41	Frequent Traveller	Technology	7	CA	Black or African American	1	Business Studies	Machine Learning Engineer	Single	107008	0	No	"Sunday, February 5, 2012"	No	10	9	10	9
41	Female	34	Some Travel	Technology	5	CA	White	1	Information Systems	Data Scientist	Single	127432	0	Yes	"Monday, February 6, 2012"	No	10	8	9	9
42	Male	45	Some Travel	Sales	20	CA	White	2	Marketing 	Sales Executive	Married	76693	1	No	"Monday, February 6, 2012"	No	10	2	9	10
43	Female	39	Some Travel	Technology	31	CA	White	3	Information Systems	Software Engineer	Single	90017	0	Yes	"Tuesday, February 7, 2012"	No	10	7	7	3
44	Male	44	Some Travel	Sales	21	CA	White	3	Marketing	Manager	Married	426142	0	No	"Tuesday, February 7, 2012"	No	10	4	5	4
45	Female	47	Some Travel	Technology	17	NY	White	2	Computer Science	Software Engineer	Married	46514	2	No	"Sunday, February 12, 2012"	No	10	9	9	2
46	Male	48	No Travel 	Sales	9	CA	White	5	Economics	Sales Executive	Single	125587	0	No	"Sunday, February 12, 2012"	No	10	10	10	4
47	Female	47	Some Travel	Human Resources	21	NY	Mixed or multiple ethnic groups	3	Marketing 	HR Executive	Single	98608	0	No	"Tuesday, February 14, 2012"	No	10	5	10	4
48	Female	48	Some Travel	Technology	30	NY	Black or African American	3	Information Systems	Software Engineer	Married	72794	1	No	"Tuesday, February 14, 2012"	No	10	4	5	3
49	Non-Binary	40	Some Travel	Technology	44	CA	White	2	Computer Science	Software Engineer	Single	69119	0	No	"Wednesday, February 15, 2012"	No	10	8	10	5
50	Female	32	Frequent Traveller	Technology	13	CA	White	1	Computer Science	Data Scientist	Divorced	48835	1	Yes	"Friday, February 17, 2012"	Yes	8	5	7	0
51	Male	28	No Travel 	Technology	44	NY	White	2	Computer Science	Senior Software Engineer	Married	218406	1	No	"Friday, February 17, 2012"	No	10	10	10	10
52	Female	40	Frequent Traveller	Technology	27	NY	Black or African American	4	Computer Science	Software Engineer	Divorced	42333	1	No	"Sunday, February 19, 2012"	No	10	4	5	5
53	Male	39	Some Travel	Sales	38	CA	Mixed or multiple ethnic groups	2	Technical Degree	Manager	Married	300299	1	Yes	"Sunday, February 19, 2012"	No	10	7	7	10
54	Female	34	Frequent Traveller	Sales	15	CA	White	2	Marketing 	Sales Executive	Single	173246	0	Yes	"Monday, February 20, 2012"	Yes	9	4	7	7
55	Female	35	Some Travel	Human Resources	22	CA	Mixed or multiple ethnic groups	1	Economics	Recruiter	Married	67264	0	No	"Wednesday, February 22, 2012"	No	10	8	8	2
56	Male	29	Frequent Traveller	Technology	14	IL	Asian or Asian American	3	Computer Science	Senior Software Engineer	Married	93591	1	No	"Wednesday, February 22, 2012"	No	10	4	10	3
57	Female	37	No Travel 	Technology	16	NY	Mixed or multiple ethnic groups	3	Information Systems	Data Scientist	Divorced	82099	2	No	"Thursday, February 23, 2012"	No	10	1	7	6
58	Female	38	Some Travel	Technology	39	IL	White	4	Information Systems	Data Scientist	Married	83590	1	No	"Thursday, February 23, 2012"	No	10	2	3	9
59	Female	29	Some Travel	Sales	19	NY	White	2	Marketing 	Sales Executive	Single	122811	0	Yes	"Monday, February 27, 2012"	Yes	2	1	1	1
60	Male	40	Some Travel	Technology	9	NY	Black or African American	1	Computer Science	Software Engineer	Single	58551	0	No	"Monday, February 27, 2012"	No	10	6	7	3
61	Female	44	Some Travel	Technology	28	CA	Black or African American	3	Information Systems	Software Engineer	Married	53325	1	Yes	"Tuesday, February 28, 2012"	No	10	4	8	4
62	Male	45	Some Travel	Sales	19	IL	White	4	Marketing 	Sales Representative	Married	47326	1	No	"Wednesday, February 29, 2012"	No	10	10	10	10
63	Female	41	Some Travel	Sales	16	CA	White	1	Marketing 	Sales Representative	Married	48147	1	No	"Thursday, March 1, 2012"	No	10	8	10	5
64	Male	42	Some Travel	Human Resources	4	IL	Black or African American	3	Human Resources	HR Manager	Married	463051	1	No	"Thursday, March 1, 2012"	No	10	0	10	7
65	Female	36	Some Travel	Technology	32	CA	Asian or Asian American	3	Computer Science	Senior Software Engineer	Married	111294	1	No	"Friday, March 2, 2012"	No	10	8	8	10
66	Non-Binary	35	No Travel 	Technology	27	CA	Asian or Asian American	3	Computer Science	Analytics Manager	Single	542695	0	No	"Friday, March 2, 2012"	No	10	5	5	1
67	Female	45	Some Travel	Technology	2	IL	White	1	Information Systems	Data Scientist	Divorced	64795	3	Yes	"Saturday, March 3, 2012"	No	10	5	8	10
68	Female	35	Some Travel	Technology	36	CA	White	4	Computer Science	Software Engineer	Married	59086	1	Yes	"Sunday, March 4, 2012"	No	10	2	8	4
69	Male	41	Some Travel	Sales	17	NY	White	3	Economics	Sales Executive	Married	116966	2	No	"Sunday, March 4, 2012"	No	10	4	10	7
70	Non-Binary	39	Frequent Traveller	Technology	8	CA	Asian or Asian American	4	Information Systems	Software Engineer	Single	137427	0	Yes	"Sunday, March 4, 2012"	No	10	9	10	8
71	Female	48	Some Travel	Technology	25	CA	White	1	Computer Science	Data Scientist	Married	47464	0	No	"Tuesday, March 6, 2012"	No	10	4	8	10
72	Male	46	Some Travel	Sales	20	CA	Black or African American	2	Technical Degree	Sales Executive	Married	150731	2	No	"Tuesday, March 6, 2012"	No	10	8	9	3
73	Female	43	Some Travel	Technology	35	CA	White	3	Computer Science	Engineering Manager	Divorced	436813	2	No	"Wednesday, March 7, 2012"	No	10	8	9	7
74	Female	46	Frequent Traveller	Sales	14	NY	White	1	Economics	Sales Executive	Married	205159	1	No	"Wednesday, March 7, 2012"	No	10	1	9	6
75	Female	30	Some Travel	Technology	8	IL	White	3	Information Systems	Software Engineer	Married	70771	1	No	"Thursday, March 8, 2012"	No	10	9	9	2
76	Male	30	Some Travel	Technology	6	CA	Black or African American	2	Computer Science	Machine Learning Engineer	Married	126238	0	No	"Thursday, March 8, 2012"	No	10	3	6	6
77	Male	39	Some Travel	Technology	5	CA	White	2	Computer Science	Data Scientist	Single	58685	0	No	"Thursday, March 8, 2012"	Yes	9	6	6	2
78	Male	35	Some Travel	Sales	29	NY	White	5	Marketing	Sales Executive	Divorced	182764	2	Yes	"Saturday, March 10, 2012"	No	10	7	9	9
79	Female	35	Some Travel	Human Resources	7	CA	Mixed or multiple ethnic groups	3	Marketing 	Recruiter	Divorced	47995	3	Yes	"Monday, March 12, 2012"	No	10	5	6	3
80	Female	28	Frequent Traveller	Technology	9	CA	Black or African American	3	Computer Science	Software Engineer	Married	48930	1	Yes	"Wednesday, March 14, 2012"	Yes	7	4	6	2
81	Non-Binary	46	Some Travel	Technology	36	NY	Black or African American	2	Computer Science	Machine Learning Engineer	Married	102964	2	No	"Saturday, March 17, 2012"	No	10	10	10	2
82	Female	43	Some Travel	Technology	11	CA	White	5	Information Systems	Analytics Manager	Married	482510	1	No	"Saturday, March 17, 2012"	No	10	9	9	1
83	Female	36	No Travel 	Sales	33	NY	Asian or Asian American	4	Marketing	Sales Executive	Married	116057	1	No	"Monday, March 19, 2012"	No	10	2	10	2
84	Female	45	Some Travel	Technology	20	NY	White	1	Computer Science	Software Engineer	Married	90264	0	Yes	"Monday, March 19, 2012"	No	10	2	4	4
85	Male	42	Some Travel	Sales	16	IL	Asian or Asian American	4	Marketing 	Sales Executive	Married	106277	2	No	"Monday, March 19, 2012"	No	10	0	5	5
86	Male	39	Some Travel	Technology	34	CA	Mixed or multiple ethnic groups	1	Computer Science	Machine Learning Engineer	Divorced	264285	1	No	"Friday, March 23, 2012"	No	10	10	10	1
87	Female	34	Some Travel	Technology	41	CA	Black or African American	2	Information Systems	Engineering Manager	Divorced	357371	1	No	"Saturday, March 24, 2012"	No	10	9	9	3
88	Female	41	Some Travel	Technology	9	CA	Black or African American	3	Computer Science	Machine Learning Engineer	Single	197592	0	Yes	"Saturday, March 24, 2012"	No	10	5	10	0
89	Female	30	Some Travel	Human Resources	19	NY	Mixed or multiple ethnic groups	3	Human Resources	HR Executive	Married	97153	1	No	"Sunday, March 25, 2012"	No	10	5	6	9
90	Male	38	Some Travel	Technology	39	NY	White	3	Computer Science	Data Scientist	Single	65416	0	No	"Sunday, March 25, 2012"	No	10	5	10	7
91	Male	35	No Travel 	Technology	17	CA	Asian or Asian American	2	Computer Science	Senior Software Engineer	Divorced	117151	1	No	"Monday, March 26, 2012"	No	10	3	7	6
92	Male	32	Some Travel	Sales	39	CA	Black or African American	4	Marketing 	Sales Executive	Married	105748	2	No	"Wednesday, March 28, 2012"	No	10	0	1	8
93	Male	46	Some Travel	Technology	11	CA	Black or African American	4	Information Systems	Software Engineer	Married	56608	3	Yes	"Saturday, March 31, 2012"	No	10	3	5	9
94	Male	30	Some Travel	Technology	14	CA	Asian or Asian American	4	Computer Science	Machine Learning Engineer	Married	194823	1	No	"Sunday, April 1, 2012"	No	10	4	9	8
95	Male	28	Frequent Traveller	Technology	22	CA	White	5	Computer Science	Machine Learning Engineer	Single	205433	0	No	"Monday, April 2, 2012"	Yes	4	1	2	1
96	Male	42	Some Travel	Technology	34	NY	White	4	Business Studies	Machine Learning Engineer	Divorced	126463	1	No	"Wednesday, April 4, 2012"	No	10	0	1	8
97	Female	47	Some Travel	Technology	5	NY	Mixed or multiple ethnic groups	5	Information Systems	Data Scientist	Single	133616	0	Yes	"Friday, April 6, 2012"	No	10	9	9	0
98	Female	36	Some Travel	Technology	4	CA	White	3	Information Systems	Senior Software Engineer	Single	208338	0	No	"Saturday, April 7, 2012"	No	10	10	10	1
99	Male	31	Some Travel	Sales	15	CA	White	3	Marketing	Sales Executive	Married	187930	3	No	"Saturday, April 7, 2012"	Yes	3	2	2	0
100	Female	43	Frequent Traveller	Sales	1	NY	Mixed or multiple ethnic groups	3	Marketing	Sales Executive	Single	180996	0	No	"Tuesday, April 10, 2012"	No	10	8	10	9
101	Male	47	Some Travel	Technology	40	NY	White	2	Computer Science	Data Scientist	Single	108798	0	No	"Thursday, April 12, 2012"	No	10	0	4	7
102	Male	47	No Travel 	Sales	17	NY	White	4	Other	Sales Executive	Married	176158	0	No	"Friday, April 13, 2012"	No	10	9	10	2
103	Male	36	Some Travel	Technology	7	CA	Black or African American	4	Computer Science	Data Scientist	Divorced	73643	1	No	"Saturday, April 14, 2012"	No	10	0	7	9
104	Male	43	No Travel 	Technology	15	CA	Asian or Asian American	2	Other	Machine Learning Engineer	Divorced	76826	1	No	"Saturday, April 14, 2012"	No	10	9	9	7
105	Male	38	Some Travel	Technology	40	CA	White	4	Computer Science	Senior Software Engineer	Divorced	126505	1	No	"Sunday, April 15, 2012"	No	10	1	5	8
106	Female	45	Some Travel	Technology	34	NY	White	2	Information Systems	Machine Learning Engineer	Divorced	152278	1	Yes	"Wednesday, April 18, 2012"	No	10	8	8	2
107	Male	28	Some Travel	Technology	6	CA	White	1	Information Systems	Data Scientist	Single	87175	0	No	"Saturday, April 21, 2012"	No	10	6	10	7
108	Non-Binary	35	Some Travel	Sales	26	CA	Black or African American	4	Marketing	Sales Executive	Single	98435	0	No	"Monday, April 23, 2012"	No	10	7	9	9
109	Female	28	Some Travel	Technology	33	CA	Asian or Asian American	3	Computer Science	Data Scientist	Single	54536	0	No	"Monday, April 23, 2012"	Yes	3	3	3	2
110	Female	31	Some Travel	Technology	14	NY	Mixed or multiple ethnic groups	1	Other	Software Engineer	Single	63482	0	No	"Monday, April 23, 2012"	Yes	1	0	1	1
111	Male	29	Some Travel	Technology	33	CA	White	3	Computer Science	Software Engineer	Divorced	153909	1	No	"Monday, April 23, 2012"	No	10	10	10	2
112	Male	29	Frequent Traveller	Sales	42	CA	White	3	Technical Degree	Sales Representative	Married	78726	1	No	"Wednesday, April 25, 2012"	Yes	6	0	1	1
113	Female	46	Some Travel	Sales	36	CA	White	3	Marketing 	Sales Executive	Married	96188	1	Yes	"Thursday, April 26, 2012"	Yes	9	8	9	5
114	Female	28	Frequent Traveller	Sales	32	NY	Black or African American	1	Technical Degree	Sales Representative	Single	53439	0	Yes	"Friday, April 27, 2012"	Yes	3	0	0	1
115	Female	28	Some Travel	Technology	9	NY	Asian or Asian American	4	Computer Science	Software Engineer	Single	43578	0	Yes	"Friday, April 27, 2012"	Yes	5	3	5	5
116	Female	40	Some Travel	Technology	26	CA	Mixed or multiple ethnic groups	3	Information Systems	Senior Software Engineer	Single	120858	0	No	"Sunday, April 29, 2012"	No	10	9	9	8
117	Male	32	Some Travel	Technology	36	CA	Black or African American	2	Computer Science	Software Engineer	Single	78672	0	No	"Sunday, April 29, 2012"	No	10	6	9	5
118	Female	30	Some Travel	Technology	30	NY	Asian or Asian American	1	Computer Science	Machine Learning Engineer	Married	228438	1	No	"Monday, April 30, 2012"	No	10	6	9	10
119	Female	35	Frequent Traveller	Technology	39	CA	Mixed or multiple ethnic groups	4	Computer Science	Software Engineer	Single	71257	0	No	"Tuesday, May 1, 2012"	No	10	1	6	10
120	Female	37	Frequent Traveller	Technology	14	CA	Mixed or multiple ethnic groups	4	Computer Science	Machine Learning Engineer	Married	99936	1	No	"Tuesday, May 1, 2012"	No	10	9	10	6
121	Female	29	Some Travel	Sales	4	CA	Mixed or multiple ethnic groups	2	Marketing 	Sales Executive	Single	129356	0	No	"Wednesday, May 2, 2012"	Yes	5	1	1	2
122	Female	42	Some Travel	Sales	39	CA	White	3	Economics	Sales Executive	Married	206277	2	No	"Wednesday, May 2, 2012"	No	10	6	10	1
123	Female	45	Some Travel	Sales	43	CA	Black or African American	2	Other	Sales Executive	Divorced	106610	1	Yes	"Thursday, May 3, 2012"	No	10	0	7	5
124	Female	28	Some Travel	Sales	8	CA	Mixed or multiple ethnic groups	3	Marketing	Sales Executive	Married	194964	1	Yes	"Friday, May 4, 2012"	No	10	2	2	8
125	Male	42	Some Travel	Technology	5	NY	Mixed or multiple ethnic groups	1	Computer Science	Data Scientist	Single	47461	0	No	"Saturday, May 5, 2012"	No	10	4	7	5
126	Male	43	Some Travel	Sales	39	CA	White	2	Marketing	Sales Executive	Divorced	176705	1	No	"Saturday, May 5, 2012"	No	10	5	7	7
127	Male	34	Some Travel	Technology	40	IL	White	3	Computer Science	Senior Software Engineer	Married	97542	3	No	"Sunday, May 6, 2012"	No	10	10	10	7
128	Female	28	Some Travel	Technology	23	NY	White	3	Information Systems	Data Scientist	Married	35606	3	Yes	"Monday, May 7, 2012"	Yes	5	3	4	5
129	Female	42	No Travel 	Sales	10	CA	White	2	Marketing 	Sales Representative	Married	48922	1	No	"Monday, May 7, 2012"	No	10	3	9	9
130	Female	28	Frequent Traveller	Technology	4	CA	Mixed or multiple ethnic groups	3	Computer Science	Data Scientist	Married	65659	1	Yes	"Wednesday, May 9, 2012"	Yes	2	0	0	0
131	Male	28	Some Travel	Human Resources	18	CA	Native Hawaiian 	2	Economics	HR Executive	Married	179561	1	No	"Wednesday, May 9, 2012"	Yes	1	0	0	1
132	Male	45	Frequent Traveller	Sales	1	NY	Black or African American	3	Marketing 	Sales Representative	Married	70487	1	No	"Wednesday, May 9, 2012"	No	10	0	7	3
133	Female	32	Some Travel	Technology	39	CA	Asian or Asian American	1	Computer Science	Software Engineer	Single	68256	0	No	"Thursday, May 10, 2012"	No	10	7	9	6
134	Female	43	Some Travel	Technology	10	CA	White	3	Computer Science	Software Engineer	Divorced	43211	1	No	"Saturday, May 12, 2012"	No	10	2	6	9
135	Female	28	Some Travel	Sales	1	CA	White	4	Marketing 	Sales Executive	Married	87039	1	No	"Sunday, May 13, 2012"	No	10	3	5	4
136	Male	44	Some Travel	Technology	23	CA	Native Hawaiian 	3	Information Systems	Data Scientist	Single	108623	0	No	"Sunday, May 13, 2012"	No	10	3	3	8
137	Female	36	Some Travel	Technology	41	NY	White	3	Computer Science	Machine Learning Engineer	Single	218940	0	Yes	"Monday, May 14, 2012"	No	10	6	8	5
138	Non-Binary	37	Some Travel	Technology	28	CA	Black or African American	3	Information Systems	Analytics Manager	Single	368494	0	Yes	"Monday, May 14, 2012"	No	10	8	9	6
139	Female	35	Some Travel	Technology	32	NY	Mixed or multiple ethnic groups	2	Business Studies	Data Scientist	Married	119917	1	Yes	"Tuesday, May 15, 2012"	No	10	5	7	4
140	Male	48	Some Travel	Sales	33	NY	Mixed or multiple ethnic groups	2	Marketing 	Sales Executive	Divorced	191771	1	No	"Thursday, May 17, 2012"	No	10	0	10	4
141	Male	48	Some Travel	Technology	26	IL	White	4	Information Systems	Data Scientist	Divorced	35749	2	No	"Thursday, May 17, 2012"	No	10	7	7	8
142	Female	34	Some Travel	Sales	16	NY	White	2	Economics	Sales Executive	Divorced	100710	1	Yes	"Sunday, May 20, 2012"	No	10	10	10	2
143	Female	34	Some Travel	Technology	41	NY	Black or African American	3	Computer Science	Software Engineer	Married	50386	1	No	"Sunday, May 20, 2012"	No	10	8	9	10
144	Male	46	Some Travel	Human Resources	45	IL	White	3	Human Resources	Recruiter	Divorced	48740	3	Yes	"Sunday, May 20, 2012"	Yes	10	8	9	6
145	Male	47	Some Travel	Sales	42	CA	Asian or Asian American	3	Marketing 	Sales Executive	Married	249553	1	No	"Sunday, May 20, 2012"	No	10	3	4	9
146	Female	32	Frequent Traveller	Technology	14	IL	American Indian or Alaska Native	3	Business Studies	Software Engineer	Married	86639	0	No	"Monday, May 21, 2012"	No	10	3	9	5
147	Non-Binary	42	Some Travel	Technology	12	CA	White	4	Business Studies	Senior Software Engineer	Married	167089	1	No	"Thursday, May 24, 2012"	No	10	7	9	8
148	Female	43	Frequent Traveller	Sales	5	CA	American Indian or Alaska Native	3	Marketing 	Sales Executive	Single	350525	0	Yes	"Sunday, May 27, 2012"	Yes	9	3	9	6
149	Female	36	No Travel 	Technology	28	CA	Asian or Asian American	4	Other	Data Scientist	Divorced	77136	2	No	"Monday, May 28, 2012"	No	10	10	10	10
150	Female	48	No Travel 	Technology	40	CA	White	2	Information Systems	Machine Learning Engineer	Divorced	92884	1	No	"Wednesday, May 30, 2012"	No	10	5	9	2
151	Male	42	Some Travel	Sales	26	CA	White	4	Marketing	Sales Executive	Single	91179	0	No	"Wednesday, May 30, 2012"	No	10	7	9	0
152	Female	33	Some Travel	Technology	36	CA	Asian or Asian American	3	Computer Science	Machine Learning Engineer	Single	88726	0	No	"Tuesday, January 1, 2013"	No	9	8	8	6
153	Female	47	Frequent Traveller	Sales	19	CA	American Indian or Alaska Native	3	Technical Degree	Sales Representative	Married	46684	1	No	"Saturday, January 12, 2013"	No	9	4	9	3
154	Male	29	Some Travel	Sales	38	CA	Asian or Asian American	4	Marketing	Sales Executive	Married	102061	1	No	"Thursday, January 17, 2013"	No	9	5	9	5
155	Female	42	Some Travel	Technology	9	CA	Asian or Asian American	2	Information Systems	Data Scientist	Married	73577	1	No	"Wednesday, January 23, 2013"	No	9	9	9	6
156	Male	39	Some Travel	Technology	3	CA	Black or African American	3	Computer Science	Machine Learning Engineer	Single	81115	0	No	"Thursday, January 24, 2013"	No	9	2	4	0
157	Female	46	Frequent Traveller	Technology	16	NY	White	2	Computer Science	Software Engineer	Single	100717	0	Yes	"Wednesday, January 30, 2013"	No	9	5	9	7
158	Male	29	Some Travel	Sales	20	NY	Black or African American	3	Marketing 	Sales Executive	Single	149688	0	Yes	"Monday, February 4, 2013"	Yes	2	2	2	2
159	Female	36	Some Travel	Technology	35	NY	White	2	Computer Science	Software Engineer	Married	60585	2	No	"Tuesday, February 5, 2013"	No	9	0	7	9
160	Female	46	Frequent Traveller	Technology	24	NY	White	3	Computer Science	Engineering Manager	Married	514945	0	Yes	"Tuesday, February 5, 2013"	No	9	4	7	7
161	Female	31	Frequent Traveller	Sales	21	NY	Asian or Asian American	3	Marketing	Sales Executive	Single	253719	0	No	"Tuesday, February 12, 2013"	No	9	2	4	3
162	Male	29	Frequent Traveller	Technology	26	CA	White	3	Computer Science	Data Scientist	Single	78541	0	Yes	"Saturday, February 23, 2013"	Yes	6	5	5	2
163	Female	38	Frequent Traveller	Technology	6	CA	Black or African American	3	Information Systems	Senior Software Engineer	Single	126515	0	No	"Wednesday, February 27, 2013"	No	9	7	9	4
164	Male	38	Some Travel	Technology	18	CA	Black or African American	2	Information Systems	Data Scientist	Married	89362	0	No	"Friday, March 1, 2013"	No	9	3	9	7
165	Female	47	Frequent Traveller	Human Resources	3	CA	White	3	Marketing 	HR Executive	Married	85744	2	No	"Saturday, March 2, 2013"	No	9	0	9	8
166	Male	43	No Travel 	Technology	21	CA	White	4	Information Systems	Analytics Manager	Single	280756	0	No	"Tuesday, March 5, 2013"	No	9	8	8	3
167	Male	36	Some Travel	Technology	28	NY	Black or African American	3	Information Systems	Machine Learning Engineer	Married	174019	1	Yes	"Thursday, March 7, 2013"	No	9	8	9	1
168	Female	40	Some Travel	Technology	17	NY	White	1	Information Systems	Software Engineer	Married	41601	0	No	"Friday, March 8, 2013"	No	9	8	9	8
169	Female	35	Some Travel	Sales	23	NY	White	3	Economics	Sales Representative	Married	81389	1	No	"Monday, March 11, 2013"	No	9	3	7	5
170	Female	32	Some Travel	Sales	9	IL	White	2	Marketing 	Sales Executive	Divorced	133865	1	Yes	"Tuesday, March 12, 2013"	No	9	3	3	0
171	Female	30	Some Travel	Technology	42	CA	White	5	Computer Science	Software Engineer	Married	93181	0	No	"Friday, March 15, 2013"	No	9	8	9	4
172	Female	30	Some Travel	Technology	1	IL	Asian or Asian American	4	Other	Data Scientist	Married	40285	0	Yes	"Thursday, March 21, 2013"	Yes	1	1	1	0
173	Female	45	Some Travel	Sales	34	CA	American Indian or Alaska Native	3	Marketing	Sales Executive	Divorced	173037	3	No	"Tuesday, March 26, 2013"	No	9	4	9	3
174	Male	30	Frequent Traveller	Sales	40	CA	Mixed or multiple ethnic groups	2	Marketing	Sales Representative	Divorced	44632	1	No	"Tuesday, March 26, 2013"	Yes	1	0	0	0
175	Male	43	Some Travel	Sales	3	IL	Mixed or multiple ethnic groups	1	Economics	Manager	Married	313198	1	No	"Thursday, March 28, 2013"	No	9	5	9	2
176	Female	32	Some Travel	Technology	2	CA	Mixed or multiple ethnic groups	2	Computer Science	Software Engineer	Single	152314	0	Yes	"Saturday, March 30, 2013"	No	9	4	6	0
177	Male	28	Some Travel	Sales	19	NY	Mixed or multiple ethnic groups	2	Marketing	Sales Representative	Married	56122	0	Yes	"Sunday, March 31, 2013"	Yes	7	5	5	0
178	Male	48	Some Travel	Technology	44	IL	White	1	Computer Science	Software Engineer	Single	103198	0	No	"Wednesday, April 3, 2013"	No	9	7	9	2
179	Non-Binary	44	Some Travel	Technology	14	CA	Black or African American	2	Computer Science	Data Scientist	Single	92634	0	Yes	"Saturday, April 6, 2013"	No	9	8	9	9
180	Male	47	Some Travel	Technology	37	CA	White	1	Information Systems	Data Scientist	Married	62999	1	No	"Saturday, April 6, 2013"	No	9	2	3	7
181	Male	30	Some Travel	Technology	33	CA	White	3	Computer Science	Software Engineer	Single	78743	0	No	"Tuesday, April 9, 2013"	No	9	2	7	4
182	Male	29	Some Travel	Technology	14	NY	Black or African American	3	Other	Data Scientist	Divorced	70872	1	No	"Wednesday, April 10, 2013"	No	9	2	7	9
183	Female	29	Some Travel	Technology	3	NY	White	3	Business Studies	Data Scientist	Divorced	60388	2	Yes	"Thursday, April 11, 2013"	Yes	5	1	3	1
184	Male	32	Some Travel	Technology	24	CA	Native Hawaiian 	3	Information Systems	Data Scientist	Married	41857	1	No	"Friday, April 12, 2013"	No	9	0	5	2
185	Male	36	Some Travel	Sales	38	CA	White	2	Marketing	Sales Executive	Married	298558	1	Yes	"Friday, April 12, 2013"	No	9	4	4	7
186	Female	30	Some Travel	Technology	26	CA	White	3	Information Systems	Data Scientist	Single	96170	0	No	"Monday, April 15, 2013"	No	9	4	9	1
187	Non-Binary	36	No Travel 	Sales	31	CA	Mixed or multiple ethnic groups	2	Economics	Sales Representative	Single	56937	0	No	"Wednesday, April 17, 2013"	No	9	5	8	2
188	Female	33	Frequent Traveller	Technology	34	IL	Asian or Asian American	2	Computer Science	Machine Learning Engineer	Single	91407	0	No	"Wednesday, April 17, 2013"	No	9	9	9	4
189	Female	48	Some Travel	Sales	32	NY	White	3	Technical Degree	Manager	Married	354336	1	Yes	"Thursday, April 18, 2013"	No	9	1	2	9
190	Male	29	Frequent Traveller	Technology	17	NY	Black or African American	2	Computer Science	Machine Learning Engineer	Divorced	129703	3	No	"Thursday, April 25, 2013"	No	9	6	6	3
191	Female	42	Some Travel	Sales	36	NY	Other 	1	Marketing 	Sales Representative	Single	43753	0	No	"Wednesday, May 1, 2013"	No	9	0	1	1
192	Non-Binary	45	Frequent Traveller	Technology	17	CA	White	4	Computer Science	Machine Learning Engineer	Single	123619	0	Yes	"Wednesday, May 1, 2013"	No	9	7	9	2
193	Non-Binary	44	Some Travel	Technology	32	CA	White	3	Computer Science	Machine Learning Engineer	Married	257978	1	Yes	"Thursday, May 2, 2013"	No	9	2	4	1
194	Male	32	Some Travel	Technology	22	IL	Black or African American	4	Business Studies	Software Engineer	Married	72688	1	No	"Monday, May 6, 2013"	No	9	3	3	8
195	Non-Binary	36	Frequent Traveller	Technology	14	IL	White	1	Information Systems	Data Scientist	Single	43358	0	No	"Tuesday, May 7, 2013"	No	9	0	9	5
196	Female	30	No Travel 	Technology	3	IL	White	3	Information Systems	Data Scientist	Married	47338	1	No	"Wednesday, May 8, 2013"	No	9	4	9	1
197	Male	28	Some Travel	Human Resources	34	CA	Asian or Asian American	2	Marketing 	HR Executive	Single	94534	0	No	"Saturday, May 11, 2013"	No	9	3	3	1
198	Female	30	Some Travel	Technology	26	CA	Black or African American	1	Computer Science	Senior Software Engineer	Divorced	159438	2	No	"Wednesday, May 22, 2013"	No	9	4	4	7
199	Male	36	Some Travel	Technology	10	CA	Other 	3	Business Studies	Senior Software Engineer	Single	189405	0	No	"Thursday, May 23, 2013"	No	9	4	6	7
200	Male	44	Some Travel	Technology	29	CA	Asian or Asian American	3	Computer Science	Data Scientist	Married	57890	0	No	"Friday, May 24, 2013"	No	9	8	8	8
201	Non-Binary	39	Frequent Traveller	Technology	4	CA	White	1	Business Studies	Software Engineer	Single	87879	0	Yes	"Saturday, May 25, 2013"	No	9	6	8	9
202	Female	34	Some Travel	Technology	14	NY	White	2	Information Systems	Senior Software Engineer	Single	154405	0	No	"Monday, May 27, 2013"	No	9	7	7	1
203	Male	42	Some Travel	Technology	37	CA	Black or African American	4	Computer Science	Analytics Manager	Married	244114	1	No	"Tuesday, May 28, 2013"	No	9	6	7	0
204	Male	29	Some Travel	Sales	12	IL	Asian or Asian American	2	Marketing 	Sales Representative	Married	97794	0	No	"Thursday, May 30, 2013"	Yes	2	0	1	0
205	Male	48	Some Travel	Technology	36	IL	White	3	Information Systems	Senior Software Engineer	Single	180561	0	No	"Saturday, June 1, 2013"	No	9	1	8	7
206	Female	38	Some Travel	Technology	25	CA	Asian or Asian American	2	Other	Data Scientist	Married	60549	1	No	"Wednesday, June 5, 2013"	No	9	5	6	6
207	Male	30	Some Travel	Technology	7	CA	White	1	Information Systems	Data Scientist	Married	70182	1	No	"Friday, June 7, 2013"	No	9	8	9	8
208	Female	29	Some Travel	Technology	44	CA	Asian or Asian American	3	Business Studies	Data Scientist	Divorced	67578	1	No	"Monday, June 10, 2013"	Yes	1	0	0	0
209	Male	29	Some Travel	Sales	35	NY	Black or African American	2	Economics	Sales Executive	Married	140962	0	Yes	"Thursday, June 13, 2013"	Yes	4	0	2	4
210	Male	29	Some Travel	Sales	14	CA	White	4	Marketing	Sales Executive	Married	96319	2	No	"Friday, June 14, 2013"	No	9	1	4	5
211	Female	38	Some Travel	Technology	12	CA	White	1	Other	Senior Software Engineer	Married	253077	1	No	"Saturday, June 15, 2013"	No	9	3	3	8
212	Female	43	Some Travel	Technology	21	NY	White	2	Computer Science	Software Engineer	Married	94499	1	No	"Saturday, June 22, 2013"	No	9	0	1	7
213	Female	39	Some Travel	Technology	10	CA	Mixed or multiple ethnic groups	2	Information Systems	Data Scientist	Divorced	65796	1	No	"Tuesday, July 2, 2013"	No	9	9	9	5
214	Male	28	Some Travel	Technology	27	CA	White	1	Information Systems	Analytics Manager	Married	277344	0	Yes	"Tuesday, July 2, 2013"	Yes	3	1	1	1
215	Female	48	Some Travel	Technology	35	CA	Mixed or multiple ethnic groups	2	Information Systems	Engineering Manager	Divorced	314656	1	No	"Tuesday, July 9, 2013"	No	9	7	8	3
216	Male	31	Some Travel	Technology	39	IL	American Indian or Alaska Native	3	Computer Science	Senior Software Engineer	Single	242890	0	No	"Thursday, July 11, 2013"	No	9	3	3	9
217	Female	27	Some Travel	Technology	1	NY	Black or African American	4	Computer Science	Data Scientist	Divorced	40050	1	Yes	"Tuesday, July 16, 2013"	Yes	1	0	0	0
218	Male	29	Some Travel	Sales	44	CA	White	3	Marketing	Manager	Single	377203	0	Yes	"Tuesday, July 16, 2013"	Yes	5	4	4	0
219	Female	28	No Travel 	Technology	43	CA	White	3	Computer Science	Software Engineer	Single	50175	0	No	"Thursday, July 18, 2013"	No	9	9	9	3
220	Female	32	No Travel 	Sales	23	CA	Asian or Asian American	4	Economics	Sales Executive	Divorced	237749	1	No	"Friday, July 19, 2013"	No	9	1	6	6
221	Male	32	No Travel 	Technology	12	NY	White	4	Information Systems	Software Engineer	Married	111294	1	No	"Friday, July 19, 2013"	No	9	2	9	4
222	Non-Binary	41	Frequent Traveller	Sales	3	NY	White	3	Marketing 	Sales Executive	Single	248987	0	No	"Friday, July 19, 2013"	No	9	5	9	5
223	Female	41	No Travel 	Sales	34	NY	White	2	Marketing 	Sales Executive	Married	109747	1	No	"Saturday, July 20, 2013"	No	9	8	9	5
224	Female	39	Some Travel	Sales	15	CA	Mixed or multiple ethnic groups	3	Marketing 	Sales Executive	Married	136970	1	No	"Sunday, July 28, 2013"	No	9	4	8	2
225	Male	28	Frequent Traveller	Sales	28	NY	Mixed or multiple ethnic groups	3	Marketing 	Sales Representative	Single	43939	0	No	"Monday, July 29, 2013"	Yes	6	1	4	3
226	Male	43	Some Travel	Technology	38	CA	White	4	Computer Science	Software Engineer	Married	155786	1	Yes	"Monday, July 29, 2013"	No	9	0	7	5
227	Female	32	Some Travel	Technology	7	CA	Mixed or multiple ethnic groups	4	Computer Science	Software Engineer	Divorced	85568	1	No	"Wednesday, July 31, 2013"	No	9	7	9	1
228	Male	34	No Travel 	Technology	25	CA	Mixed or multiple ethnic groups	1	Computer Science	Senior Software Engineer	Married	238630	1	No	"Monday, August 5, 2013"	No	9	0	3	6
229	Non-Binary	29	Frequent Traveller	Sales	31	CA	White	4	Marketing	Sales Executive	Married	100925	1	Yes	"Thursday, August 8, 2013"	Yes	3	1	1	1
230	Male	30	No Travel 	Technology	7	NY	American Indian or Alaska Native	3	Computer Science	Data Scientist	Married	138989	1	Yes	"Wednesday, August 14, 2013"	No	9	2	4	8
231	Male	42	Some Travel	Technology	40	CA	Black or African American	4	Computer Science	Data Scientist	Divorced	142075	1	No	"Thursday, August 15, 2013"	No	9	9	9	4
232	Female	29	Some Travel	Technology	45	CA	White	3	Computer Science	Machine Learning Engineer	Married	207952	1	Yes	"Saturday, August 17, 2013"	No	9	9	9	7
233	Female	43	Some Travel	Sales	38	NY	American Indian or Alaska Native	2	Marketing	Sales Executive	Married	121510	1	No	"Sunday, August 18, 2013"	No	9	8	8	5
234	Male	40	Frequent Traveller	Technology	14	CA	Asian or Asian American	2	Information Systems	Data Scientist	Married	43854	1	No	"Monday, August 19, 2013"	No	9	4	9	2
235	Non-Binary	41	Some Travel	Technology	11	CA	Black or African American	5	Information Systems	Engineering Manager	Divorced	372980	1	No	"Thursday, August 22, 2013"	No	9	1	2	3
236	Male	30	Frequent Traveller	Technology	13	CA	Mixed or multiple ethnic groups	4	Computer Science	Software Engineer	Divorced	40321	1	Yes	"Monday, August 26, 2013"	Yes	5	0	0	3
237	Male	37	Some Travel	Technology	22	NY	White	2	Information Systems	Software Engineer	Single	45927	0	No	"Monday, August 26, 2013"	No	9	5	6	6
238	Female	28	Some Travel	Sales	18	IL	White	4	Marketing	Sales Executive	Single	134427	0	Yes	"Wednesday, August 28, 2013"	No	9	9	9	2
239	Female	28	Some Travel	Technology	24	CA	Mixed or multiple ethnic groups	3	Information Systems	Data Scientist	Married	46313	1	Yes	"Friday, August 30, 2013"	Yes	1	1	1	0
240	Male	37	Some Travel	Technology	29	IL	White	3	Computer Science	Analytics Manager	Married	513608	0	No	"Tuesday, September 3, 2013"	No	9	4	7	3
241	Male	43	Some Travel	Sales	3	IL	White	3	Marketing	Manager	Married	429939	1	Yes	"Thursday, September 5, 2013"	No	9	3	3	7
242	Male	31	Some Travel	Technology	45	IL	American Indian or Alaska Native	3	Other	Machine Learning Engineer	Married	195261	1	No	"Monday, September 9, 2013"	No	9	3	4	5
243	Male	34	Frequent Traveller	Technology	25	NY	Asian or Asian American	2	Other	Data Scientist	Married	39015	1	No	"Sunday, September 15, 2013"	No	9	5	6	4
244	Female	35	Some Travel	Human Resources	18	CA	Asian or Asian American	4	Marketing 	HR Executive	Single	132563	0	Yes	"Sunday, September 22, 2013"	No	9	1	6	9
245	Non-Binary	33	Some Travel	Technology	26	CA	White	3	Information Systems	Engineering Manager	Single	267009	0	No	"Monday, September 23, 2013"	No	9	0	1	7
246	Female	32	Some Travel	Sales	29	CA	White	4	Economics	Sales Executive	Divorced	68043	0	No	"Wednesday, September 25, 2013"	Yes	8	0	1	6
247	Male	34	Frequent Traveller	Sales	40	IL	Asian or Asian American	3	Economics	Sales Executive	Married	140097	0	No	"Friday, September 27, 2013"	No	9	2	8	6
248	Male	36	Some Travel	Sales	13	CA	Asian or Asian American	5	Marketing 	Manager	Married	432191	1	No	"Friday, September 27, 2013"	No	9	1	8	0
249	Male	42	Some Travel	Sales	12	CA	White	1	Technical Degree	Sales Representative	Married	70535	1	No	"Sunday, September 29, 2013"	No	9	3	8	5
250	Female	35	Some Travel	Technology	7	NY	Mixed or multiple ethnic groups	3	Information Systems	Senior Software Engineer	Divorced	253952	1	Yes	"Wednesday, October 2, 2013"	No	9	9	9	4
251	Female	45	Some Travel	Technology	14	CA	White	2	Computer Science	Machine Learning Engineer	Divorced	223124	1	No	"Wednesday, October 2, 2013"	No	9	2	3	2
252	Female	37	Some Travel	Technology	6	CA	Mixed or multiple ethnic groups	2	Computer Science	Data Scientist	Married	42188	1	No	"Friday, October 4, 2013"	Yes	8	3	5	6
253	Female	32	Frequent Traveller	Technology	15	CA	White	2	Information Systems	Data Scientist	Married	44388	1	No	"Thursday, October 10, 2013"	No	9	8	9	8
254	Non-Binary	33	Some Travel	Technology	15	CA	White	4	Other	Senior Software Engineer	Married	108095	0	Yes	"Thursday, October 10, 2013"	No	9	8	9	9
255	Male	30	Some Travel	Technology	4	CA	Native Hawaiian 	1	Information Systems	Data Scientist	Married	42045	0	Yes	"Tuesday, October 15, 2013"	Yes	6	0	3	3
256	Female	30	Some Travel	Sales	35	CA	White	3	Other	Sales Executive	Single	160352	0	No	"Friday, October 18, 2013"	No	9	0	5	4
257	Female	48	Some Travel	Technology	45	IL	White	3	Other	Senior Software Engineer	Single	207456	0	No	"Friday, October 18, 2013"	No	9	2	6	4
258	Female	43	Some Travel	Technology	14	CA	White	3	Computer Science	Engineering Manager	Married	309141	0	No	"Saturday, October 19, 2013"	No	9	6	6	9
259	Female	29	Some Travel	Technology	9	NY	Black or African American	4	Computer Science	Data Scientist	Single	48321	0	Yes	"Saturday, October 26, 2013"	Yes	7	2	3	2
260	Female	47	Some Travel	Technology	7	CA	White	3	Information Systems	Data Scientist	Married	116165	1	No	"Sunday, October 27, 2013"	No	9	0	7	8
261	Male	39	Some Travel	Technology	33	NY	Mixed or multiple ethnic groups	2	Information Systems	Machine Learning Engineer	Married	99602	0	No	"Tuesday, October 29, 2013"	No	9	5	8	4
262	Female	32	Some Travel	Technology	20	IL	Native Hawaiian 	4	Computer Science	Data Scientist	Single	85884	0	No	"Thursday, October 31, 2013"	No	9	9	9	5
263	Male	48	Some Travel	Technology	20	CA	White	3	Information Systems	Software Engineer	Married	56546	1	No	"Friday, November 1, 2013"	No	9	4	6	3
264	Male	30	Some Travel	Sales	42	CA	White	4	Marketing	Sales Executive	Single	148862	0	Yes	"Sunday, November 3, 2013"	Yes	2	0	1	1
265	Prefer Not To Say	43	Some Travel	Technology	14	NY	White	4	Information Systems	Engineering Manager	Married	365504	3	Yes	"Monday, November 4, 2013"	No	9	6	7	8
266	Female	44	Some Travel	Technology	21	NY	Black or African American	2	Computer Science	Software Engineer	Married	91563	1	No	"Wednesday, November 6, 2013"	No	9	9	9	8
267	Male	30	Frequent Traveller	Sales	25	CA	White	2	Marketing	Sales Executive	Divorced	135919	1	No	"Friday, November 8, 2013"	No	9	6	6	0
268	Female	28	Frequent Traveller	Technology	6	CA	White	1	Information Systems	Software Engineer	Divorced	47148	2	No	"Saturday, November 9, 2013"	No	9	3	8	8
269	Female	33	Frequent Traveller	Sales	33	CA	Mixed or multiple ethnic groups	5	Marketing	Sales Executive	Married	115114	1	No	"Tuesday, November 12, 2013"	No	9	9	9	6
270	Male	28	Frequent Traveller	Sales	4	CA	Black or African American	4	Other	Sales Executive	Single	110839	0	No	"Tuesday, November 12, 2013"	No	9	8	8	4
271	Male	45	Frequent Traveller	Technology	6	CA	Mixed or multiple ethnic groups	4	Information Systems	Software Engineer	Divorced	92613	1	Yes	"Saturday, November 23, 2013"	No	9	6	6	2
272	Male	37	Frequent Traveller	Technology	7	NY	Mixed or multiple ethnic groups	4	Information Systems	Analytics Manager	Divorced	276322	1	No	"Tuesday, November 26, 2013"	No	9	0	9	1
273	Male	44	Some Travel	Technology	4	IL	Mixed or multiple ethnic groups	3	Computer Science	Data Scientist	Married	74172	2	No	"Tuesday, November 26, 2013"	No	9	8	9	9
274	Female	30	Some Travel	Technology	26	NY	Black or African American	4	Computer Science	Data Scientist	Married	36280	2	No	"Wednesday, December 4, 2013"	No	9	9	9	9
275	Female	40	Some Travel	Human Resources	7	CA	White	4	Technical Degree	Recruiter	Single	70703	0	No	"Wednesday, December 4, 2013"	No	9	0	9	7
276	Female	48	Frequent Traveller	Sales	2	CA	White	1	Technical Degree	Sales Representative	Single	37124	0	No	"Friday, December 6, 2013"	Yes	9	8	8	7
277	Female	41	No Travel 	Technology	22	CA	Native Hawaiian 	3	Computer Science	Data Scientist	Married	52581	0	No	"Monday, December 9, 2013"	No	9	8	8	7
278	Non-Binary	40	Some Travel	Technology	30	IL	Mixed or multiple ethnic groups	4	Computer Science	Machine Learning Engineer	Married	145328	1	No	"Monday, December 9, 2013"	No	9	0	9	9
279	Non-Binary	43	Some Travel	Technology	31	NY	White	4	Computer Science	Software Engineer	Married	130665	1	No	"Tuesday, December 10, 2013"	No	9	6	9	6
280	Male	44	Some Travel	Technology	31	CA	White	2	Computer Science	Software Engineer	Divorced	81297	2	Yes	"Saturday, December 14, 2013"	No	9	1	8	9
281	Non-Binary	27	Some Travel	Sales	37	CA	White	4	Marketing 	Sales Executive	Single	141998	0	Yes	"Saturday, December 14, 2013"	Yes	5	5	5	1
282	Female	38	Some Travel	Sales	9	CA	Asian or Asian American	4	Economics	Sales Executive	Divorced	114713	2	No	"Tuesday, December 17, 2013"	No	9	0	0	1
283	Male	30	Frequent Traveller	Technology	33	CA	White	2	Computer Science	Data Scientist	Single	35126	0	Yes	"Wednesday, December 18, 2013"	No	9	1	5	5
284	Male	30	Some Travel	Technology	45	CA	White	2	Business Studies	Machine Learning Engineer	Single	262409	0	No	"Friday, December 20, 2013"	No	9	8	9	8
285	Female	30	Some Travel	Technology	33	CA	Black or African American	2	Information Systems	Software Engineer	Single	55485	0	No	"Wednesday, December 25, 2013"	No	9	8	9	2
286	Female	42	Some Travel	Technology	43	CA	Black or African American	4	Computer Science	Machine Learning Engineer	Divorced	110069	1	No	"Thursday, December 26, 2013"	No	9	3	8	4
287	Male	30	Some Travel	Technology	26	NY	White	3	Information Systems	Machine Learning Engineer	Divorced	94791	1	No	"Friday, December 27, 2013"	No	9	9	9	0
288	Female	31	Frequent Traveller	Sales	28	NY	White	2	Marketing 	Sales Executive	Married	183189	1	No	"Wednesday, January 1, 2014"	No	8	3	6	6
289	Male	44	Some Travel	Sales	29	NY	White	3	Marketing 	Sales Executive	Married	126073	1	No	"Friday, January 3, 2014"	No	8	0	2	0
290	Female	47	Some Travel	Technology	8	CA	Asian or Asian American	3	Computer Science	Engineering Manager	Married	287710	1	No	"Sunday, January 5, 2014"	No	8	8	8	5
291	Male	28	Frequent Traveller	Technology	5	NY	Mixed or multiple ethnic groups	3	Information Systems	Data Scientist	Single	76133	0	Yes	"Monday, January 6, 2014"	Yes	1	0	1	0
292	Non-Binary	47	Some Travel	Technology	13	CA	White	3	Computer Science	Data Scientist	Divorced	61915	1	No	"Tuesday, January 7, 2014"	No	8	2	4	7
293	Male	26	Some Travel	Sales	44	CA	White	1	Technical Degree	Sales Representative	Single	40638	0	Yes	"Saturday, January 11, 2014"	Yes	2	0	0	1
294	Female	33	Some Travel	Technology	40	IL	Black or African American	4	Computer Science	Senior Software Engineer	Single	181244	0	No	"Wednesday, January 15, 2014"	No	8	4	8	8
295	Female	30	Frequent Traveller	Technology	28	NY	White	3	Information Systems	Software Engineer	Divorced	46388	1	No	"Thursday, January 16, 2014"	No	8	6	6	3
296	Male	38	No Travel 	Technology	4	CA	White	3	Information Systems	Software Engineer	Divorced	45942	1	Yes	"Thursday, January 30, 2014"	No	8	4	5	8
297	Female	43	Some Travel	Technology	18	IL	Other 	1	Computer Science	Software Engineer	Married	49882	1	No	"Sunday, February 2, 2014"	No	8	3	8	2
298	Female	35	Some Travel	Technology	43	NY	Black or African American	1	Business Studies	Engineering Manager	Divorced	243863	1	Yes	"Tuesday, February 4, 2014"	No	8	1	6	6
299	Female	40	Some Travel	Technology	26	CA	Mixed or multiple ethnic groups	3	Information Systems	Data Scientist	Divorced	59899	3	No	"Thursday, February 6, 2014"	No	8	2	3	6
300	Female	32	Some Travel	Technology	33	CA	Mixed or multiple ethnic groups	3	Information Systems	Data Scientist	Married	121881	2	No	"Sunday, February 9, 2014"	No	8	7	8	8
301	Male	43	Some Travel	Technology	17	CA	Black or African American	4	Information Systems	Machine Learning Engineer	Single	130848	0	Yes	"Sunday, February 9, 2014"	No	8	8	8	8
302	Female	34	No Travel 	Technology	8	CA	Asian or Asian American	4	Information Systems	Data Scientist	Single	104268	0	No	"Monday, February 10, 2014"	No	8	7	7	7
303	Non-Binary	30	Some Travel	Sales	37	CA	Asian or Asian American	4	Economics	Sales Executive	Single	341039	0	No	"Sunday, February 16, 2014"	No	8	2	4	1
304	Female	36	Some Travel	Sales	23	CA	Mixed or multiple ethnic groups	4	Marketing	Sales Executive	Single	195502	0	No	"Sunday, February 23, 2014"	No	8	0	3	0
305	Female	39	Some Travel	Sales	37	IL	Asian or Asian American	3	Economics	Sales Representative	Single	65612	0	No	"Sunday, February 23, 2014"	No	8	2	8	7
306	Male	31	Some Travel	Technology	8	IL	White	1	Information Systems	Software Engineer	Single	70682	0	No	"Monday, February 24, 2014"	No	8	4	8	2
307	Female	29	Frequent Traveller	Technology	17	CA	Black or African American	3	Computer Science	Data Scientist	Married	105554	1	Yes	"Tuesday, February 25, 2014"	Yes	5	2	5	2
308	Male	36	Some Travel	Technology	7	CA	Black or African American	3	Information Systems	Data Scientist	Divorced	46773	1	Yes	"Friday, February 28, 2014"	No	8	7	8	2
309	Female	29	Some Travel	Technology	29	CA	Mixed or multiple ethnic groups	3	Computer Science	Senior Software Engineer	Single	110744	0	No	"Sunday, March 2, 2014"	No	8	8	8	1
310	Female	36	Some Travel	Technology	17	CA	Asian or Asian American	3	Computer Science	Data Scientist	Single	72118	0	No	"Tuesday, March 4, 2014"	No	8	7	7	8
311	Male	34	Frequent Traveller	Technology	34	IL	White	2	Information Systems	Machine Learning Engineer	Married	265922	1	Yes	"Thursday, March 6, 2014"	No	8	3	3	5
312	Male	34	Some Travel	Sales	19	CA	Asian or Asian American	3	Marketing 	Sales Representative	Single	46740	0	No	"Thursday, March 6, 2014"	No	8	1	6	1
313	Female	32	Some Travel	Sales	42	CA	Mixed or multiple ethnic groups	3	Marketing	Sales Executive	Married	108213	0	No	"Monday, March 10, 2014"	No	8	6	6	4
314	Female	40	No Travel 	Technology	26	CA	Asian or Asian American	1	Business Studies	Software Engineer	Divorced	48125	3	No	"Friday, March 14, 2014"	No	8	5	8	2
315	Male	43	Some Travel	Technology	17	CA	White	3	Computer Science	Software Engineer	Married	50946	0	Yes	"Saturday, March 15, 2014"	Yes	8	6	7	3
316	Male	44	Some Travel	Sales	27	NY	Asian or Asian American	3	Economics	Sales Executive	Single	101906	0	No	"Saturday, March 15, 2014"	No	8	3	4	7
317	Non-Binary	26	No Travel 	Sales	10	NY	Native Hawaiian 	2	Economics	Sales Executive	Single	55537	0	No	"Sunday, March 16, 2014"	Yes	4	1	1	1
318	Male	37	Some Travel	Technology	29	IL	Mixed or multiple ethnic groups	3	Computer Science	Machine Learning Engineer	Single	155506	0	No	"Tuesday, March 18, 2014"	No	8	8	8	8
319	Male	44	Some Travel	Technology	29	CA	White	3	Information Systems	Analytics Manager	Divorced	304520	3	Yes	"Thursday, March 20, 2014"	No	8	2	2	4
320	Non-Binary	48	Some Travel	Technology	26	NY	Mixed or multiple ethnic groups	1	Information Systems	Software Engineer	Married	42008	2	No	"Monday, March 24, 2014"	No	8	7	7	0
321	Female	45	Some Travel	Technology	7	CA	White	4	Business Studies	Senior Software Engineer	Single	104720	0	No	"Saturday, March 29, 2014"	No	8	7	7	0
322	Female	28	Some Travel	Technology	12	CA	White	2	Computer Science	Data Scientist	Married	115895	1	No	"Monday, March 31, 2014"	Yes	4	1	3	2
323	Female	27	Some Travel	Technology	30	CA	White	1	Information Systems	Data Scientist	Single	49374	0	Yes	"Wednesday, April 2, 2014"	Yes	1	0	0	1
324	Non-Binary	31	Frequent Traveller	Sales	35	CA	White	3	Marketing	Sales Executive	Married	115982	1	No	"Thursday, April 3, 2014"	No	8	7	7	4
325	Female	35	Frequent Traveller	Sales	43	CA	Black or African American	2	Economics	Sales Representative	Married	46112	1	No	"Friday, April 11, 2014"	No	8	6	7	2
326	Female	28	Frequent Traveller	Sales	40	IL	Black or African American	5	Marketing 	Sales Executive	Married	215327	1	No	"Sunday, April 13, 2014"	No	8	1	6	8
327	Male	40	Some Travel	Technology	39	CA	White	2	Computer Science	Analytics Manager	Divorced	409998	2	No	"Monday, April 14, 2014"	No	8	3	6	3
328	Male	35	Some Travel	Technology	26	CA	White	3	Information Systems	Engineering Manager	Married	311475	0	No	"Tuesday, April 15, 2014"	No	8	0	0	2
329	Female	32	Frequent Traveller	Technology	14	CA	Black or African American	1	Computer Science	Machine Learning Engineer	Divorced	97595	2	No	"Sunday, April 20, 2014"	No	8	0	0	1
330	Female	33	No Travel 	Sales	41	NY	Mixed or multiple ethnic groups	2	Economics	Sales Executive	Single	193190	0	Yes	"Tuesday, April 22, 2014"	No	8	0	3	4
331	Female	36	Some Travel	Technology	21	CA	Mixed or multiple ethnic groups	4	Computer Science	Software Engineer	Divorced	57327	2	No	"Thursday, April 24, 2014"	No	8	5	8	4
332	Male	29	Some Travel	Technology	8	NY	White	2	Computer Science	Machine Learning Engineer	Married	119083	2	No	"Friday, April 25, 2014"	No	8	3	6	4
333	Prefer Not To Say	41	Some Travel	Sales	33	NY	American Indian or Alaska Native	1	Marketing 	Sales Executive	Divorced	119592	1	Yes	"Tuesday, May 6, 2014"	No	8	7	8	2
334	Male	44	Some Travel	Technology	5	NY	Mixed or multiple ethnic groups	3	Business Studies	Software Engineer	Married	48994	0	No	"Friday, May 9, 2014"	No	8	7	7	3
335	Male	26	Some Travel	Sales	45	CA	Black or African American	3	Technical Degree	Sales Representative	Married	20650	1	No	"Saturday, May 10, 2014"	Yes	2	0	0	1
336	Male	29	No Travel 	Technology	12	IL	White	4	Computer Science	Data Scientist	Married	62756	0	No	"Wednesday, May 14, 2014"	No	8	3	5	8
337	Male	29	Some Travel	Sales	3	CA	American Indian or Alaska Native	3	Other	Sales Representative	Single	46465	0	Yes	"Friday, May 16, 2014"	Yes	4	3	3	3
338	Non-Binary	34	Frequent Traveller	Technology	12	CA	White	2	Computer Science	Data Scientist	Married	44057	1	Yes	"Saturday, May 17, 2014"	No	8	7	7	1
339	Non-Binary	48	Frequent Traveller	Sales	9	NY	Native Hawaiian 	3	Economics	Sales Executive	Divorced	288450	2	Yes	"Saturday, May 24, 2014"	No	8	2	6	4
340	Female	41	Some Travel	Sales	42	CA	Asian or Asian American	3	Technical Degree	Sales Executive	Married	142853	1	No	"Tuesday, May 27, 2014"	No	8	7	8	7
341	Female	29	Some Travel	Technology	36	CA	Asian or Asian American	3	Computer Science	Data Scientist	Married	46813	0	No	"Thursday, May 29, 2014"	Yes	6	1	1	1
342	Female	46	No Travel 	Technology	21	CA	Other 	1	Computer Science	Analytics Manager	Married	281175	0	Yes	"Monday, June 2, 2014"	No	8	1	2	2
343	Male	40	Some Travel	Technology	22	CA	Black or African American	1	Business Studies	Data Scientist	Married	38849	1	No	"Friday, June 6, 2014"	No	8	6	6	3
344	Non-Binary	37	Some Travel	Sales	30	NY	Native Hawaiian 	3	Marketing	Sales Executive	Married	61117	1	Yes	"Tuesday, June 10, 2014"	No	8	2	5	0
345	Female	40	Some Travel	Sales	2	NY	White	4	Technical Degree	Sales Executive	Married	204005	1	No	"Tuesday, June 10, 2014"	No	8	7	7	3
346	Male	30	Some Travel	Technology	19	CA	Black or African American	3	Information Systems	Data Scientist	Married	53336	1	No	"Wednesday, June 11, 2014"	No	8	3	3	7
347	Male	33	Some Travel	Technology	31	CA	White	1	Information Systems	Data Scientist	Married	60754	1	No	"Sunday, June 15, 2014"	No	8	7	8	1
348	Male	41	Some Travel	Technology	16	CA	Black or African American	2	Computer Science	Data Scientist	Married	45989	1	No	"Tuesday, June 17, 2014"	No	8	4	8	4
349	Male	43	No Travel 	Technology	14	NY	White	1	Computer Science	Data Scientist	Married	76331	0	No	"Wednesday, June 18, 2014"	No	8	2	4	3
350	Female	33	No Travel 	Sales	29	IL	White	3	Economics	Sales Executive	Married	65094	0	No	"Friday, June 20, 2014"	No	8	8	8	0
351	Non-Binary	26	Frequent Traveller	Sales	14	IL	Mixed or multiple ethnic groups	4	Marketing 	Sales Executive	Divorced	71349	2	No	"Friday, June 20, 2014"	Yes	7	2	2	1
352	Female	32	Frequent Traveller	Technology	40	CA	White	5	Computer Science	Data Scientist	Single	60759	0	No	"Sunday, June 22, 2014"	No	8	0	6	3
353	Male	37	Some Travel	Sales	22	CA	White	4	Marketing	Sales Executive	Divorced	92483	1	Yes	"Monday, June 23, 2014"	No	8	5	5	3
354	Female	36	Some Travel	Technology	43	CA	Black or African American	3	Computer Science	Analytics Manager	Single	454993	0	No	"Tuesday, June 24, 2014"	No	8	3	4	0
355	Male	31	Some Travel	Technology	10	IL	White	3	Computer Science	Senior Software Engineer	Married	168087	1	No	"Tuesday, June 24, 2014"	No	8	4	7	3
356	Male	38	Some Travel	Technology	4	NY	Mixed or multiple ethnic groups	4	Other	Analytics Manager	Married	361616	1	Yes	"Wednesday, June 25, 2014"	No	8	1	6	5
357	Female	28	Some Travel	Technology	23	CA	Mixed or multiple ethnic groups	2	Business Studies	Data Scientist	Married	65328	1	No	"Friday, June 27, 2014"	Yes	5	4	4	0
358	Female	38	Frequent Traveller	Technology	31	NY	Black or African American	3	Computer Science	Data Scientist	Married	90187	1	Yes	"Friday, June 27, 2014"	No	8	4	5	2
359	Female	48	Some Travel	Technology	43	CA	White	3	Information Systems	Data Scientist	Married	56053	1	No	"Friday, June 27, 2014"	No	8	6	8	4
360	Male	41	Frequent Traveller	Human Resources	39	CA	Mixed or multiple ethnic groups	1	Human Resources	HR Executive	Single	79990	0	No	"Sunday, June 29, 2014"	No	8	5	5	8
361	Male	46	Some Travel	Technology	24	CA	White	4	Computer Science	Data Scientist	Divorced	43487	1	No	"Sunday, June 29, 2014"	No	8	8	8	8
362	Female	28	Some Travel	Sales	32	CA	Mixed or multiple ethnic groups	1	Economics	Sales Representative	Married	52528	0	No	"Wednesday, July 2, 2014"	No	8	2	4	6
363	Female	43	Some Travel	Technology	31	CA	Black or African American	1	Information Systems	Software Engineer	Single	98693	0	No	"Friday, July 4, 2014"	No	8	5	8	6
364	Female	43	Frequent Traveller	Sales	40	CA	White	4	Economics	Sales Executive	Married	86038	3	No	"Sunday, July 6, 2014"	No	8	1	3	3
365	Male	48	Some Travel	Technology	19	CA	Black or African American	5	Computer Science	Engineering Manager	Divorced	241907	3	No	"Monday, July 7, 2014"	No	8	3	3	0
366	Female	29	Frequent Traveller	Sales	18	CA	American Indian or Alaska Native	3	Marketing	Sales Executive	Single	177402	0	No	"Thursday, July 10, 2014"	Yes	6	3	5	3
367	Female	42	Frequent Traveller	Sales	37	CA	Mixed or multiple ethnic groups	3	Marketing 	Sales Executive	Single	189256	0	No	"Thursday, July 10, 2014"	No	8	1	2	2
368	Female	45	Some Travel	Technology	13	CA	White	2	Other	Analytics Manager	Single	349793	0	No	"Thursday, July 10, 2014"	No	8	0	8	6
369	Female	37	Some Travel	Technology	40	NY	American Indian or Alaska Native	4	Information Systems	Data Scientist	Married	49550	3	No	"Friday, July 11, 2014"	No	8	2	8	6
370	Male	36	Some Travel	Sales	13	CA	White	3	Marketing 	Sales Executive	Single	121303	0	No	"Saturday, July 12, 2014"	No	8	2	3	0
371	Female	36	Some Travel	Sales	37	CA	Mixed or multiple ethnic groups	3	Marketing 	Sales Executive	Divorced	192475	2	No	"Sunday, July 20, 2014"	No	8	2	2	0
372	Female	32	Some Travel	Technology	31	NY	White	4	Business Studies	Senior Software Engineer	Married	186169	0	No	"Saturday, July 26, 2014"	No	8	2	6	0
373	Female	32	No Travel 	Sales	2	CA	Black or African American	4	Marketing	Sales Executive	Divorced	114246	1	No	"Saturday, July 26, 2014"	No	8	3	6	5
374	Male	29	Some Travel	Human Resources	14	IL	Native Hawaiian 	4	Technical Degree	Recruiter	Married	46703	0	No	"Thursday, July 31, 2014"	Yes	0	0	0	0
375	Female	26	Some Travel	Technology	37	NY	Mixed or multiple ethnic groups	3	Computer Science	Software Engineer	Single	26296	0	Yes	"Friday, August 1, 2014"	Yes	5	2	2	2
376	Female	36	Frequent Traveller	Technology	6	CA	Asian or Asian American	4	Information Systems	Data Scientist	Single	51050	0	Yes	"Tuesday, August 5, 2014"	No	8	6	7	2
377	Prefer Not To Say	40	Some Travel	Technology	29	NY	White	2	Business Studies	Analytics Manager	Married	295688	0	No	"Tuesday, August 5, 2014"	No	8	1	5	8
378	Male	26	Frequent Traveller	Human Resources	17	CA	Mixed or multiple ethnic groups	3	Human Resources	Recruiter	Divorced	30502	1	No	"Saturday, August 9, 2014"	Yes	0	0	0	0
379	Female	38	Frequent Traveller	Technology	2	CA	White	4	Computer Science	Data Scientist	Single	58828	0	No	"Monday, August 11, 2014"	No	8	7	8	0
380	Female	27	Frequent Traveller	Sales	43	CA	Mixed or multiple ethnic groups	3	Marketing	Sales Representative	Single	24583	0	Yes	"Saturday, August 16, 2014"	Yes	7	0	1	6
381	Male	44	Some Travel	Technology	4	NY	Black or African American	4	Other	Data Scientist	Divorced	85523	1	Yes	"Monday, August 18, 2014"	Yes	8	0	4	1
382	Non-Binary	29	Some Travel	Technology	24	NY	Black or African American	3	Computer Science	Software Engineer	Single	41307	0	No	"Tuesday, August 19, 2014"	Yes	0	0	0	0
383	Male	31	Some Travel	Technology	20	CA	Black or African American	2	Computer Science	Senior Software Engineer	Divorced	149482	1	Yes	"Friday, August 22, 2014"	No	8	3	7	2
384	Non-Binary	35	Some Travel	Technology	31	CA	Asian or Asian American	4	Computer Science	Software Engineer	Single	77269	0	No	"Saturday, September 13, 2014"	No	8	8	8	6
385	Prefer Not To Say	33	Some Travel	Sales	30	CA	Mixed or multiple ethnic groups	3	Economics	Sales Executive	Married	90726	0	No	"Wednesday, September 17, 2014"	No	8	0	5	1
386	Male	31	Frequent Traveller	Technology	38	CA	White	1	Computer Science	Analytics Manager	Divorced	547204	1	Yes	"Sunday, September 28, 2014"	No	8	7	8	5
387	Male	33	No Travel 	Technology	26	CA	White	3	Computer Science	Data Scientist	Divorced	43998	3	No	"Monday, September 29, 2014"	No	8	6	7	2
388	Female	30	Some Travel	Sales	24	CA	Mixed or multiple ethnic groups	4	Marketing 	Sales Representative	Single	38382	0	Yes	"Thursday, October 2, 2014"	No	8	7	8	0
389	Male	44	Some Travel	Technology	28	CA	Mixed or multiple ethnic groups	3	Computer Science	Software Engineer	Married	49447	1	No	"Thursday, October 9, 2014"	No	8	7	7	8
390	Male	40	No Travel 	Technology	28	CA	White	3	Information Systems	Software Engineer	Divorced	46285	3	No	"Thursday, October 23, 2014"	No	8	8	8	3
391	Male	44	Some Travel	Sales	35	CA	Mixed or multiple ethnic groups	3	Marketing	Sales Representative	Married	75667	1	No	"Monday, October 27, 2014"	No	8	6	6	3
392	Male	47	Frequent Traveller	Sales	42	NY	White	3	Marketing	Sales Executive	Married	232155	0	No	"Thursday, October 30, 2014"	No	8	7	7	3
393	Male	44	Frequent Traveller	Technology	18	CA	Black or African American	3	Computer Science	Senior Software Engineer	Single	102708	0	Yes	"Monday, November 3, 2014"	No	8	3	4	7
394	Male	28	Frequent Traveller	Technology	3	NY	White	3	Business Studies	Software Engineer	Married	58993	1	Yes	"Friday, November 7, 2014"	Yes	7	2	7	1
395	Female	30	Some Travel	Technology	32	NY	Asian or Asian American	4	Computer Science	Software Engineer	Single	155259	0	No	"Monday, November 10, 2014"	No	8	3	5	6
396	Female	39	No Travel 	Sales	12	NY	White	2	Marketing 	Sales Executive	Single	89351	0	No	"Tuesday, November 11, 2014"	No	8	2	2	0
397	Male	37	Frequent Traveller	Technology	15	NY	Black or African American	4	Computer Science	Data Scientist	Married	53929	2	No	"Saturday, November 15, 2014"	No	8	7	7	5
398	Female	28	Frequent Traveller	Technology	27	CA	White	2	Information Systems	Analytics Manager	Married	546549	1	No	"Tuesday, November 18, 2014"	No	8	8	8	2
399	Female	48	Some Travel	Sales	4	NY	Black or African American	3	Marketing	Sales Representative	Single	55880	0	No	"Wednesday, November 19, 2014"	No	8	1	6	5
400	Male	29	Some Travel	Technology	36	NY	White	1	Information Systems	Data Scientist	Divorced	86428	3	No	"Thursday, November 20, 2014"	Yes	6	5	5	5
401	Male	47	Some Travel	Technology	12	CA	White	4	Information Systems	Software Engineer	Single	105126	0	No	"Friday, November 21, 2014"	No	8	0	7	1
402	Female	32	Frequent Traveller	Sales	22	NY	White	3	Marketing	Sales Executive	Married	142488	1	No	"Saturday, November 22, 2014"	No	8	0	6	7
403	Female	30	Some Travel	Technology	38	CA	White	4	Computer Science	Data Scientist	Married	88609	1	Yes	"Monday, November 24, 2014"	No	8	4	4	1
404	Female	29	Frequent Traveller	Technology	12	IL	Mixed or multiple ethnic groups	3	Information Systems	Software Engineer	Single	72057	0	No	"Thursday, November 27, 2014"	No	8	8	8	3
405	Male	41	Some Travel	Sales	11	IL	Mixed or multiple ethnic groups	1	Marketing	Sales Executive	Married	81654	0	No	"Friday, November 28, 2014"	No	8	3	4	7
406	Female	44	Some Travel	Technology	13	NY	White	3	Information Systems	Software Engineer	Single	57296	0	No	"Saturday, November 29, 2014"	No	8	5	7	3
407	Female	28	Some Travel	Technology	27	NY	Mixed or multiple ethnic groups	2	Information Systems	Machine Learning Engineer	Divorced	117918	2	No	"Tuesday, December 2, 2014"	No	8	3	8	7
408	Male	47	Some Travel	Sales	23	CA	Black or African American	3	Marketing	Sales Representative	Married	44646	0	No	"Tuesday, December 2, 2014"	No	8	5	5	4
409	Female	47	Some Travel	Sales	14	NY	White	4	Marketing 	Manager	Single	410970	0	No	"Saturday, December 6, 2014"	No	8	2	5	8
410	Male	47	Some Travel	Sales	17	CA	White	3	Other	Sales Executive	Single	106840	0	No	"Saturday, December 6, 2014"	No	8	3	4	8
411	Female	37	Some Travel	Sales	17	CA	White	4	Economics	Manager	Single	476151	0	No	"Monday, December 8, 2014"	No	8	3	4	8
412	Male	34	Some Travel	Technology	24	CA	Asian or Asian American	3	Computer Science	Software Engineer	Married	42721	1	No	"Wednesday, December 10, 2014"	No	8	3	3	7
413	Female	38	Some Travel	Sales	13	CA	Black or African American	3	Marketing	Sales Executive	Divorced	240248	1	Yes	"Sunday, December 14, 2014"	No	8	4	8	0
414	Female	26	Some Travel	Technology	25	CA	White	3	Information Systems	Software Engineer	Married	22089	1	Yes	"Monday, December 15, 2014"	Yes	1	0	0	0
415	Female	37	Some Travel	Sales	19	NY	White	3	Marketing 	Sales Executive	Married	230381	1	No	"Friday, December 19, 2014"	No	8	3	3	7
416	Non-Binary	40	Frequent Traveller	Technology	7	IL	Mixed or multiple ethnic groups	3	Computer Science	Software Engineer	Married	95808	2	No	"Sunday, December 21, 2014"	No	8	8	8	2
417	Male	32	Some Travel	Technology	30	CA	Black or African American	4	Computer Science	Software Engineer	Married	48377	1	Yes	"Sunday, December 21, 2014"	No	8	5	5	6
418	Male	31	Some Travel	Sales	10	CA	Black or African American	3	Marketing 	Sales Executive	Single	110076	0	Yes	"Tuesday, December 23, 2014"	No	8	5	8	6
419	Male	41	Some Travel	Human Resources	36	CA	White	3	Human Resources	HR Executive	Married	131047	0	No	"Tuesday, December 23, 2014"	No	8	4	4	7
420	Non-Binary	30	Some Travel	Sales	11	CA	White	1	Marketing	Sales Executive	Married	127014	0	No	"Friday, December 26, 2014"	No	8	4	8	0
421	Male	27	Some Travel	Sales	1	CA	Black or African American	4	Marketing 	Sales Representative	Single	30870	0	No	"Sunday, December 28, 2014"	Yes	3	1	2	3
422	Non-Binary	41	Frequent Traveller	Technology	7	NY	American Indian or Alaska Native	3	Computer Science	Software Engineer	Married	96632	1	No	"Wednesday, December 31, 2014"	No	8	2	8	0
423	Male	43	Some Travel	Technology	40	CA	Black or African American	3	Information Systems	Software Engineer	Single	63511	0	No	"Wednesday, December 31, 2014"	No	8	5	7	4
424	Non-Binary	27	No Travel 	Sales	2	CA	Black or African American	3	Other	Sales Executive	Divorced	92022	1	No	"Tuesday, January 6, 2015"	No	7	7	7	0
425	Female	27	Some Travel	Technology	1	CA	White	3	Computer Science	Software Engineer	Single	31450	0	No	"Saturday, January 10, 2015"	No	7	3	5	7
426	Female	25	Frequent Traveller	Human Resources	3	CA	American Indian or Alaska Native	3	Human Resources	Recruiter	Married	23547	0	No	"Tuesday, January 13, 2015"	Yes	3	0	2	1
427	Female	26	Some Travel	Technology	20	CA	White	3	Business Studies	Software Engineer	Single	33273	0	Yes	"Tuesday, January 20, 2015"	Yes	2	1	1	0
428	Male	28	Frequent Traveller	Technology	7	CA	White	4	Business Studies	Senior Software Engineer	Married	140538	1	No	"Wednesday, January 21, 2015"	No	7	3	5	0
429	Female	27	Some Travel	Technology	30	CA	Mixed or multiple ethnic groups	2	Information Systems	Analytics Manager	Divorced	240633	1	No	"Thursday, January 22, 2015"	No	7	1	6	7
430	Male	27	Some Travel	Technology	19	IL	American Indian or Alaska Native	4	Computer Science	Software Engineer	Divorced	25276	1	No	"Thursday, January 22, 2015"	No	7	6	7	1
431	Female	26	Some Travel	Human Resources	5	CA	Mixed or multiple ethnic groups	4	Human Resources	HR Manager	Married	315071	1	Yes	"Sunday, January 25, 2015"	No	7	7	7	1
432	Non-Binary	26	Some Travel	Technology	16	CA	White	1	Computer Science	Senior Software Engineer	Married	54746	1	Yes	"Tuesday, January 27, 2015"	No	7	2	4	4
433	Female	25	Some Travel	Technology	20	NY	Mixed or multiple ethnic groups	2	Computer Science	Software Engineer	Married	43438	1	Yes	"Thursday, January 29, 2015"	No	7	7	7	3
434	Female	27	No Travel 	Technology	34	CA	Asian or Asian American	2	Business Studies	Data Scientist	Single	30783	0	No	"Tuesday, February 3, 2015"	No	7	7	7	2
435	Male	26	Some Travel	Technology	31	CA	White	2	Computer Science	Engineering Manager	Married	148211	3	Yes	"Wednesday, February 11, 2015"	No	7	1	6	0
436	Male	28	Some Travel	Technology	15	NY	White	3	Computer Science	Data Scientist	Married	83951	2	No	"Thursday, February 12, 2015"	No	7	3	6	5
437	Female	27	Some Travel	Sales	25	NY	White	3	Technical Degree	Sales Executive	Married	91202	0	Yes	"Sunday, February 15, 2015"	No	7	5	7	2
438	Female	27	Some Travel	Technology	40	CA	Asian or Asian American	4	Information Systems	Senior Software Engineer	Married	112728	1	No	"Wednesday, February 18, 2015"	No	7	5	6	4
439	Female	25	Some Travel	Sales	38	IL	Mixed or multiple ethnic groups	2	Marketing 	Sales Executive	Single	57018	0	No	"Saturday, February 21, 2015"	Yes	1	0	0	0
440	Male	27	Some Travel	Technology	27	CA	Mixed or multiple ethnic groups	4	Information Systems	Machine Learning Engineer	Married	92522	0	No	"Sunday, February 22, 2015"	No	7	4	5	2
441	Male	28	No Travel 	Technology	30	CA	White	3	Computer Science	Data Scientist	Single	52930	0	No	"Monday, February 23, 2015"	No	7	1	4	2
442	Prefer Not To Say	25	Some Travel	Technology	4	NY	White	2	Computer Science	Engineering Manager	Single	179602	0	No	"Sunday, March 1, 2015"	No	7	6	6	6
443	Male	27	Frequent Traveller	Technology	9	NY	Black or African American	4	Computer Science	Software Engineer	Married	39001	0	Yes	"Tuesday, March 3, 2015"	No	7	7	7	4
444	Male	27	Some Travel	Sales	42	CA	Other 	2	Technical Degree	Sales Executive	Married	68638	0	Yes	"Tuesday, March 10, 2015"	No	7	7	7	0
445	Male	26	Some Travel	Sales	24	CA	White	3	Marketing	Sales Executive	Single	85982	0	No	"Friday, March 13, 2015"	Yes	5	1	1	0
446	Male	25	No Travel 	Technology	12	NY	Black or African American	3	Information Systems	Data Scientist	Single	31962	0	No	"Saturday, March 14, 2015"	No	7	2	7	4
447	Male	25	Some Travel	Technology	23	NY	Black or African American	3	Computer Science	Data Scientist	Single	24626	0	No	"Saturday, March 14, 2015"	No	7	7	7	1
448	Male	25	Frequent Traveller	Sales	25	NY	White	1	Marketing 	Sales Executive	Single	57030	0	No	"Friday, March 20, 2015"	No	7	5	7	6
449	Female	28	Frequent Traveller	Technology	38	CA	Mixed or multiple ethnic groups	4	Computer Science	Data Scientist	Married	87704	2	No	"Saturday, March 28, 2015"	No	7	1	3	6
450	Male	25	Some Travel	Sales	12	NY	Asian or Asian American	4	Marketing	Sales Executive	Divorced	67814	0	No	"Saturday, March 28, 2015"	No	7	6	7	1
451	Non-Binary	41	Some Travel	Human Resources	11	NY	Black or African American	2	Economics	HR Business Partner	Single	445906	0	Yes	"Wednesday, April 1, 2015"	No	7	1	5	4
452	Female	27	Some Travel	Sales	4	CA	Black or African American	1	Economics	Sales Executive	Married	45046	2	Yes	"Friday, April 3, 2015"	No	7	6	7	0
453	Male	26	Some Travel	Sales	24	CA	American Indian or Alaska Native	1	Marketing 	Sales Executive	Single	82312	0	Yes	"Saturday, April 11, 2015"	No	7	2	7	6
454	Male	27	Frequent Traveller	Sales	16	CA	White	3	Technical Degree	Sales Executive	Single	50559	0	No	"Tuesday, April 14, 2015"	Yes	6	0	5	5
455	Female	25	Some Travel	Technology	5	CA	Mixed or multiple ethnic groups	4	Other	Software Engineer	Single	51454	0	No	"Friday, April 17, 2015"	No	7	1	6	7
456	Non-Binary	27	Some Travel	Technology	1	CA	White	1	Information Systems	Software Engineer	Single	48442	0	No	"Friday, April 17, 2015"	No	7	3	4	5
457	Non-Binary	27	Some Travel	Technology	10	CA	White	3	Information Systems	Data Scientist	Single	45438	0	No	"Sunday, April 19, 2015"	No	7	1	5	5
458	Male	26	Some Travel	Technology	22	CA	Asian or Asian American	3	Information Systems	Software Engineer	Married	52390	1	Yes	"Tuesday, April 21, 2015"	No	7	4	5	3
459	Male	25	Some Travel	Technology	1	NY	Asian or Asian American	4	Information Systems	Senior Software Engineer	Married	72840	0	No	"Thursday, April 23, 2015"	No	7	6	6	0
460	Male	26	Some Travel	Technology	10	CA	White	4	Information Systems	Senior Software Engineer	Divorced	148080	1	Yes	"Sunday, May 3, 2015"	No	7	7	7	1
461	Female	26	Frequent Traveller	Technology	42	CA	Asian or Asian American	1	Computer Science	Data Scientist	Married	56966	1	No	"Monday, May 4, 2015"	No	7	4	5	2
462	Female	27	Some Travel	Technology	42	CA	White	3	Computer Science	Software Engineer	Married	33606	2	No	"Thursday, May 7, 2015"	No	7	0	0	2
463	Male	25	Some Travel	Sales	4	CA	Native Hawaiian 	2	Economics	Sales Executive	Divorced	57698	2	Yes	"Monday, May 11, 2015"	Yes	6	5	6	2
464	Female	25	Some Travel	Technology	16	CA	White	5	Information Systems	Software Engineer	Married	28317	0	Yes	"Wednesday, May 13, 2015"	No	7	4	6	5
465	Female	26	Some Travel	Sales	17	CA	Asian or Asian American	4	Marketing 	Sales Executive	Single	97811	0	Yes	"Saturday, May 16, 2015"	No	7	3	6	4
466	Female	25	Some Travel	Technology	43	CA	Asian or Asian American	1	Computer Science	Engineering Manager	Divorced	190198	2	No	"Monday, May 18, 2015"	No	7	0	2	3
467	Male	26	Some Travel	Technology	4	IL	White	4	Computer Science	Senior Software Engineer	Single	167509	0	No	"Tuesday, May 19, 2015"	No	7	6	6	0
468	Female	25	Some Travel	Technology	5	NY	Native Hawaiian 	3	Computer Science	Machine Learning Engineer	Divorced	44082	1	No	"Sunday, May 24, 2015"	No	7	3	4	2
469	Female	26	Frequent Traveller	Technology	17	CA	White	2	Information Systems	Senior Software Engineer	Married	59981	1	Yes	"Monday, May 25, 2015"	No	7	1	5	2
470	Male	28	Some Travel	Technology	38	IL	White	3	Information Systems	Senior Software Engineer	Married	194982	1	No	"Monday, May 25, 2015"	No	7	2	7	2
471	Female	27	Some Travel	Technology	9	CA	White	2	Computer Science	Analytics Manager	Married	252301	1	No	"Saturday, May 30, 2015"	No	7	1	6	5
472	Female	25	Some Travel	Human Resources	22	NY	Black or African American	2	Economics	HR Executive	Divorced	49131	1	No	"Saturday, May 30, 2015"	No	7	2	6	2
473	Prefer Not To Say	26	Some Travel	Technology	16	CA	White	4	Other	Software Engineer	Single	60834	0	No	"Monday, June 1, 2015"	No	7	0	0	5
474	Female	28	Frequent Traveller	Technology	20	CA	Black or African American	1	Computer Science	Data Scientist	Married	62016	3	No	"Tuesday, June 2, 2015"	No	7	6	6	4
475	Non-Binary	28	Some Travel	Technology	5	CA	White	3	Information Systems	Machine Learning Engineer	Married	140377	1	Yes	"Tuesday, June 2, 2015"	No	7	2	7	5
476	Non-Binary	27	Some Travel	Technology	20	CA	White	1	Business Studies	Software Engineer	Single	22986	0	Yes	"Tuesday, June 2, 2015"	No	7	6	7	0
477	Male	28	Some Travel	Technology	39	NY	Black or African American	5	Computer Science	Software Engineer	Single	81906	0	No	"Thursday, June 4, 2015"	No	7	4	4	1
478	Female	27	Some Travel	Human Resources	40	CA	White	3	Human Resources	Recruiter	Married	34320	1	No	"Sunday, June 7, 2015"	No	7	5	6	5
479	Male	25	Some Travel	Technology	10	CA	White	3	Business Studies	Machine Learning Engineer	Married	145905	2	Yes	"Sunday, June 7, 2015"	No	7	3	3	2
480	Female	26	No Travel 	Technology	20	NY	Mixed or multiple ethnic groups	3	Business Studies	Software Engineer	Divorced	28751	2	No	"Monday, June 15, 2015"	No	7	6	6	2
481	Female	27	Some Travel	Technology	13	NY	Asian or Asian American	4	Computer Science	Machine Learning Engineer	Married	77039	1	No	"Thursday, June 18, 2015"	No	7	3	6	0
482	Female	26	Some Travel	Technology	22	CA	Mixed or multiple ethnic groups	3	Business Studies	Engineering Manager	Married	206137	1	No	"Saturday, June 27, 2015"	No	7	1	1	5
483	Male	28	No Travel 	Technology	4	CA	Asian or Asian American	3	Business Studies	Software Engineer	Divorced	57837	2	No	"Tuesday, June 30, 2015"	No	7	3	3	6
484	Male	25	Some Travel	Technology	5	CA	White	3	Computer Science	Software Engineer	Married	28646	1	No	"Thursday, July 2, 2015"	No	7	6	6	3
485	Male	25	Some Travel	Technology	6	NY	White	3	Computer Science	Engineering Manager	Single	195911	0	No	"Thursday, July 9, 2015"	No	7	0	3	4
486	Male	26	Some Travel	Sales	14	IL	White	4	Marketing 	Sales Executive	Single	127450	0	No	"Saturday, July 11, 2015"	No	7	0	0	1
487	Non-Binary	28	Some Travel	Technology	1	CA	Mixed or multiple ethnic groups	2	Business Studies	Engineering Manager	Single	339731	0	No	"Tuesday, July 14, 2015"	No	7	5	7	0
488	Male	25	Some Travel	Technology	13	NY	Black or African American	5	Computer Science	Engineering Manager	Single	178337	0	No	"Thursday, July 16, 2015"	No	7	1	7	2
489	Male	26	Some Travel	Technology	41	NY	Mixed or multiple ethnic groups	3	Computer Science	Senior Software Engineer	Divorced	47676	1	No	"Monday, July 20, 2015"	No	7	4	6	1
490	Male	28	Some Travel	Sales	3	CA	Asian or Asian American	2	Marketing 	Sales Executive	Married	128719	1	No	"Tuesday, July 21, 2015"	No	7	1	3	6
491	Male	28	Some Travel	Sales	24	NY	Mixed or multiple ethnic groups	2	Marketing 	Sales Executive	Married	78735	1	No	"Thursday, July 23, 2015"	No	7	0	2	4
492	Male	26	Some Travel	Technology	32	NY	White	3	Information Systems	Software Engineer	Single	40100	0	Yes	"Thursday, July 30, 2015"	Yes	0	0	0	0
493	Female	27	No Travel 	Technology	12	CA	White	1	Computer Science	Machine Learning Engineer	Single	105398	0	No	"Friday, July 31, 2015"	No	7	1	7	4
494	Female	27	Frequent Traveller	Technology	40	CA	Black or African American	3	Information Systems	Data Scientist	Married	31672	1	No	"Sunday, August 2, 2015"	No	7	1	3	6
495	Female	27	Some Travel	Technology	5	NY	Black or African American	3	Computer Science	Engineering Manager	Married	238435	1	No	"Friday, August 7, 2015"	No	7	2	4	1
496	Non-Binary	26	Some Travel	Technology	28	CA	White	4	Computer Science	Data Scientist	Single	29791	0	No	"Friday, August 7, 2015"	No	7	7	7	1
497	Female	26	No Travel 	Technology	18	CA	Mixed or multiple ethnic groups	4	Information Systems	Engineering Manager	Divorced	153420	2	Yes	"Monday, August 10, 2015"	No	7	5	5	7
498	Male	25	Some Travel	Technology	8	CA	Mixed or multiple ethnic groups	1	Information Systems	Software Engineer	Single	30931	0	Yes	"Thursday, August 13, 2015"	Yes	1	0	0	1
499	Male	27	Some Travel	Technology	34	CA	White	4	Computer Science	Software Engineer	Married	50949	1	No	"Thursday, August 13, 2015"	No	7	6	7	3
500	Non-Binary	27	Some Travel	Technology	4	NY	Asian or Asian American	3	Computer Science	Machine Learning Engineer	Married	60967	2	No	"Friday, August 14, 2015"	No	7	7	7	0
501	Male	28	Some Travel	Sales	45	CA	Asian or Asian American	2	Marketing	Sales Executive	Married	110057	2	No	"Friday, August 14, 2015"	No	7	5	5	4
502	Female	27	Some Travel	Technology	3	CA	Asian or Asian American	2	Computer Science	Engineering Manager	Married	137012	1	No	"Sunday, August 16, 2015"	No	7	6	7	7
503	Non-Binary	27	Some Travel	Sales	31	CA	Mixed or multiple ethnic groups	5	Marketing 	Manager	Single	205622	0	No	"Wednesday, August 19, 2015"	No	7	5	5	3
504	Male	26	Some Travel	Technology	39	CA	White	3	Information Systems	Software Engineer	Married	60494	1	Yes	"Saturday, August 22, 2015"	No	7	7	7	7
505	Male	28	Some Travel	Technology	43	IL	White	4	Information Systems	Engineering Manager	Married	249071	2	No	"Monday, August 24, 2015"	No	7	5	5	6
506	Male	27	No Travel 	Technology	21	CA	White	4	Information Systems	Senior Software Engineer	Divorced	73326	1	No	"Wednesday, September 2, 2015"	No	7	0	5	0
507	Female	26	Some Travel	Technology	16	IL	White	3	Computer Science	Software Engineer	Divorced	25110	2	No	"Thursday, September 3, 2015"	No	7	1	5	0
508	Female	26	Some Travel	Technology	43	NY	Black or African American	4	Computer Science	Software Engineer	Married	30217	1	No	"Friday, September 4, 2015"	No	7	2	4	0
509	Male	25	Some Travel	Sales	38	NY	Mixed or multiple ethnic groups	3	Marketing 	Sales Executive	Divorced	86485	1	Yes	"Monday, September 7, 2015"	No	7	6	6	0
510	Male	28	No Travel 	Technology	17	NY	Black or African American	2	Information Systems	Software Engineer	Single	54324	0	Yes	"Thursday, September 10, 2015"	Yes	3	3	3	1
511	Female	25	Frequent Traveller	Sales	6	CA	Mixed or multiple ethnic groups	3	Marketing	Sales Executive	Married	102569	0	No	"Saturday, September 12, 2015"	No	7	1	2	5
512	Female	27	Some Travel	Technology	1	IL	White	3	Information Systems	Engineering Manager	Single	200409	0	No	"Thursday, September 17, 2015"	No	7	5	6	1
513	Non-Binary	28	Some Travel	Sales	38	IL	Mixed or multiple ethnic groups	3	Marketing	Sales Executive	Divorced	185380	1	No	"Monday, September 21, 2015"	Yes	5	2	5	3
514	Male	26	Some Travel	Sales	3	NY	White	1	Marketing 	Sales Executive	Married	56892	0	No	"Tuesday, September 29, 2015"	No	7	1	3	3
515	Non-Binary	28	No Travel 	Technology	26	CA	Mixed or multiple ethnic groups	5	Computer Science	Data Scientist	Married	112175	3	No	"Wednesday, September 30, 2015"	No	7	1	3	4
516	Prefer Not To Say	28	No Travel 	Technology	45	IL	Mixed or multiple ethnic groups	4	Information Systems	Machine Learning Engineer	Married	87762	0	No	"Friday, October 2, 2015"	No	7	2	7	2
517	Non-Binary	27	Some Travel	Technology	5	NY	White	2	Computer Science	Software Engineer	Married	26542	1	No	"Monday, October 5, 2015"	No	7	1	7	5
518	Non-Binary	27	Some Travel	Technology	2	CA	Mixed or multiple ethnic groups	4	Computer Science	Data Scientist	Married	39198	1	No	"Saturday, October 10, 2015"	No	7	6	7	4
519	Male	28	Some Travel	Sales	43	NY	Mixed or multiple ethnic groups	4	Marketing 	Sales Executive	Divorced	157549	1	No	"Tuesday, October 20, 2015"	No	7	0	0	3
520	Male	27	Some Travel	Sales	7	CA	Black or African American	3	Marketing	Sales Executive	Married	73918	1	No	"Wednesday, October 21, 2015"	No	7	3	4	1
521	Male	28	Some Travel	Sales	10	NY	Mixed or multiple ethnic groups	1	Marketing 	Sales Executive	Married	83864	2	No	"Wednesday, October 21, 2015"	No	7	7	7	5
522	Female	26	Some Travel	Technology	27	CA	White	2	Computer Science	Data Scientist	Married	42052	1	No	"Monday, October 26, 2015"	No	7	7	7	2
523	Male	28	Some Travel	Technology	2	CA	Asian or Asian American	3	Computer Science	Machine Learning Engineer	Single	220234	0	Yes	"Monday, October 26, 2015"	No	7	5	7	1
524	Female	27	Some Travel	Sales	1	CA	Other 	2	Technical Degree	Sales Representative	Single	62496	0	No	"Tuesday, October 27, 2015"	No	7	6	6	1
525	Female	28	Some Travel	Sales	44	CA	White	3	Economics	Sales Executive	Married	304858	1	Yes	"Sunday, November 1, 2015"	No	7	5	7	2
526	Female	28	Some Travel	Sales	7	CA	White	5	Marketing	Sales Executive	Married	181164	1	No	"Sunday, November 1, 2015"	No	7	5	6	1
527	Male	25	Frequent Traveller	Technology	11	NY	Mixed or multiple ethnic groups	1	Business Studies	Machine Learning Engineer	Married	67708	1	No	"Monday, November 2, 2015"	No	7	7	7	0
528	Male	26	Some Travel	Technology	17	IL	American Indian or Alaska Native	3	Information Systems	Software Engineer	Married	55778	1	No	"Thursday, November 5, 2015"	No	7	4	7	6
529	Male	27	Some Travel	Technology	14	CA	Black or African American	2	Information Systems	Machine Learning Engineer	Divorced	120049	1	No	"Saturday, November 7, 2015"	No	7	1	6	1
530	Male	28	Some Travel	Sales	32	CA	White	4	Marketing	Sales Executive	Divorced	128222	2	No	"Saturday, November 7, 2015"	No	7	6	7	1
531	Female	27	Some Travel	Technology	31	CA	White	4	Computer Science	Senior Software Engineer	Divorced	120225	2	No	"Sunday, November 8, 2015"	No	7	2	5	4
532	Male	26	Some Travel	Technology	14	NY	Black or African American	1	Computer Science	Software Engineer	Married	33180	1	Yes	"Tuesday, November 10, 2015"	No	7	5	7	3
533	Male	26	Some Travel	Sales	22	CA	Mixed or multiple ethnic groups	1	Marketing 	Sales Executive	Married	87142	1	No	"Wednesday, November 11, 2015"	Yes	2	1	1	0
534	Female	27	No Travel 	Technology	12	IL	White	3	Information Systems	Data Scientist	Single	41524	0	No	"Thursday, November 12, 2015"	No	7	6	6	6
535	Female	26	Frequent Traveller	Technology	14	NY	American Indian or Alaska Native	3	Computer Science	Software Engineer	Single	36794	0	No	"Wednesday, November 18, 2015"	Yes	5	3	4	3
536	Male	28	Frequent Traveller	Technology	40	NY	White	5	Information Systems	Data Scientist	Divorced	109172	1	Yes	"Thursday, November 19, 2015"	No	7	1	3	1
537	Female	28	Some Travel	Sales	17	CA	White	3	Technical Degree	Sales Representative	Divorced	70787	2	Yes	"Thursday, November 26, 2015"	No	7	2	5	5
538	Female	27	Some Travel	Sales	45	CA	Mixed or multiple ethnic groups	2	Economics	Sales Executive	Single	57102	0	No	"Sunday, November 29, 2015"	No	7	6	6	4
539	Female	26	Some Travel	Sales	29	NY	Black or African American	3	Economics	Sales Representative	Single	28024	0	No	"Monday, November 30, 2015"	No	7	0	7	5
540	Female	26	Some Travel	Technology	7	NY	Black or African American	3	Computer Science	Data Scientist	Married	34047	1	Yes	"Thursday, December 3, 2015"	No	7	4	4	2
541	Female	25	Some Travel	Technology	1	IL	White	2	Computer Science	Data Scientist	Married	32354	1	Yes	"Sunday, December 6, 2015"	Yes	7	4	6	2
542	Male	27	Some Travel	Technology	44	CA	Mixed or multiple ethnic groups	3	Computer Science	Software Engineer	Single	45276	0	Yes	"Saturday, December 12, 2015"	No	7	6	6	2
543	Female	27	No Travel 	Technology	19	NY	Black or African American	2	Business Studies	Senior Software Engineer	Single	89785	0	No	"Saturday, December 19, 2015"	Yes	0	0	0	0
544	Non-Binary	27	No Travel 	Technology	36	CA	Native Hawaiian 	4	Business Studies	Software Engineer	Married	50046	1	No	"Sunday, December 20, 2015"	No	7	1	6	2
545	Male	25	Some Travel	Sales	14	IL	White	3	Marketing 	Sales Executive	Single	123307	0	Yes	"Wednesday, December 23, 2015"	Yes	7	2	3	1
546	Male	26	Some Travel	Sales	16	CA	Black or African American	2	Marketing	Sales Executive	Single	113512	0	No	"Friday, December 25, 2015"	No	7	3	7	6
547	Male	26	Some Travel	Technology	8	IL	Black or African American	2	Information Systems	Software Engineer	Married	50614	1	No	"Friday, December 25, 2015"	No	7	7	7	2
548	Female	25	Some Travel	Technology	42	CA	Native Hawaiian 	3	Computer Science	Software Engineer	Married	70068	2	No	"Tuesday, December 29, 2015"	No	7	4	6	7
549	Female	28	Some Travel	Technology	24	CA	Mixed or multiple ethnic groups	3	Computer Science	Software Engineer	Married	71553	1	No	"Wednesday, December 30, 2015"	No	7	6	6	0
550	Male	29	Some Travel	Technology	36	NY	Black or African American	5	Business Studies	Software Engineer	Single	113448	0	Yes	"Thursday, December 31, 2015"	No	7	0	4	1
551	Female	26	Some Travel	Technology	37	CA	American Indian or Alaska Native	4	Information Systems	Analytics Manager	Married	107863	2	Yes	"Sunday, January 3, 2016"	No	6	3	6	0
552	Female	25	No Travel 	Technology	24	IL	Black or African American	4	Computer Science	Software Engineer	Married	44146	3	No	"Friday, January 8, 2016"	No	6	1	1	3
553	Male	25	Some Travel	Technology	41	CA	White	1	Computer Science	Data Scientist	Married	28137	0	Yes	"Sunday, January 10, 2016"	Yes	4	3	3	1
554	Male	26	No Travel 	Sales	5	CA	White	2	Marketing	Sales Executive	Married	93170	1	No	"Sunday, January 10, 2016"	No	6	3	6	1
555	Female	27	Some Travel	Sales	21	CA	White	1	Marketing	Sales Representative	Single	22648	0	Yes	"Tuesday, January 12, 2016"	Yes	1	0	0	0
556	Male	26	Some Travel	Technology	5	CA	White	3	Other	Data Scientist	Divorced	49045	1	No	"Wednesday, January 13, 2016"	Yes	1	0	0	0
557	Female	24	Some Travel	Sales	25	NY	Mixed or multiple ethnic groups	1	Marketing	Sales Executive	Divorced	105383	2	Yes	"Thursday, January 14, 2016"	No	6	6	6	5
558	Male	27	Frequent Traveller	Technology	16	CA	Mixed or multiple ethnic groups	4	Information Systems	Senior Software Engineer	Single	75275	0	No	"Tuesday, January 19, 2016"	No	6	4	5	5
559	Male	26	Frequent Traveller	Technology	45	CA	Mixed or multiple ethnic groups	3	Information Systems	Machine Learning Engineer	Divorced	108865	2	No	"Thursday, January 21, 2016"	Yes	1	0	0	1
560	Male	27	Some Travel	Sales	44	CA	Black or African American	4	Marketing	Manager	Married	152147	1	No	"Friday, January 22, 2016"	No	6	6	6	6
561	Male	24	Frequent Traveller	Technology	15	NY	White	3	Computer Science	Senior Software Engineer	Divorced	139627	3	No	"Wednesday, January 27, 2016"	Yes	5	0	4	1
562	Male	24	Some Travel	Sales	27	CA	Mixed or multiple ethnic groups	4	Marketing 	Sales Executive	Single	79828	0	No	"Wednesday, January 27, 2016"	No	6	2	3	0
563	Male	25	No Travel 	Sales	35	NY	White	4	Marketing 	Sales Executive	Divorced	149519	1	Yes	"Wednesday, February 3, 2016"	No	6	2	4	3
564	Male	27	Some Travel	Sales	27	CA	Other 	5	Marketing	Sales Executive	Divorced	45880	1	Yes	"Wednesday, February 3, 2016"	No	6	1	4	0
565	Female	25	Some Travel	Technology	34	CA	White	3	Information Systems	Data Scientist	Single	37053	0	No	"Friday, February 5, 2016"	No	6	5	5	0
566	Female	27	Frequent Traveller	Technology	4	NY	White	3	Other	Data Scientist	Married	27550	1	No	"Tuesday, February 9, 2016"	No	6	6	6	5
567	Male	25	Some Travel	Sales	5	NY	Black or African American	2	Marketing	Sales Executive	Divorced	69539	2	No	"Saturday, February 13, 2016"	No	6	0	4	4
568	Female	26	Some Travel	Technology	2	CA	White	4	Information Systems	Software Engineer	Single	55565	0	No	"Monday, February 22, 2016"	No	6	6	6	4
569	Male	25	Some Travel	Technology	26	CA	White	3	Information Systems	Senior Software Engineer	Single	85412	0	No	"Tuesday, February 23, 2016"	No	6	0	5	6
570	Male	25	Some Travel	Technology	33	NY	Mixed or multiple ethnic groups	3	Information Systems	Software Engineer	Married	24417	1	No	"Friday, February 26, 2016"	No	6	2	6	6
571	Male	25	Some Travel	Technology	21	CA	Mixed or multiple ethnic groups	5	Information Systems	Software Engineer	Married	46362	1	Yes	"Tuesday, March 15, 2016"	No	6	0	4	5
572	Male	29	Some Travel	Technology	3	CA	White	3	Computer Science	Analytics Manager	Single	393103	0	Yes	"Wednesday, March 30, 2016"	No	6	4	4	5
573	Male	25	Some Travel	Sales	30	CA	White	4	Marketing	Sales Executive	Married	106738	1	No	"Saturday, April 2, 2016"	No	6	4	5	2
574	Female	24	Some Travel	Technology	26	NY	Asian or Asian American	2	Other	Data Scientist	Single	39048	0	No	"Tuesday, April 5, 2016"	No	6	1	4	1
575	Male	26	Some Travel	Sales	41	NY	Asian or Asian American	4	Marketing 	Sales Executive	Single	61238	0	No	"Monday, April 11, 2016"	No	6	4	6	3
576	Female	27	No Travel 	Technology	8	IL	Asian or Asian American	1	Information Systems	Engineering Manager	Divorced	152322	1	No	"Sunday, April 17, 2016"	No	6	0	5	4
577	Female	27	Some Travel	Technology	25	NY	Asian or Asian American	4	Information Systems	Data Scientist	Divorced	24571	3	No	"Sunday, April 17, 2016"	No	6	5	5	6
578	Female	26	Some Travel	Technology	18	NY	White	3	Computer Science	Analytics Manager	Married	178836	0	No	"Monday, April 18, 2016"	No	6	4	5	6
579	Female	25	Frequent Traveller	Technology	15	CA	Black or African American	4	Other	Data Scientist	Married	31931	1	No	"Thursday, April 21, 2016"	No	6	1	1	3
580	Male	25	Some Travel	Technology	2	CA	White	3	Computer Science	Engineering Manager	Married	217544	0	No	"Monday, April 25, 2016"	No	6	5	6	6
581	Male	26	Some Travel	Technology	8	NY	Black or African American	4	Other	Software Engineer	Single	22918	0	Yes	"Sunday, May 1, 2016"	Yes	0	0	0	0
582	Female	26	No Travel 	Technology	21	CA	White	3	Computer Science	Data Scientist	Married	26919	1	No	"Wednesday, May 4, 2016"	No	6	0	5	3
583	Male	25	No Travel 	Technology	32	NY	Mixed or multiple ethnic groups	4	Information Systems	Machine Learning Engineer	Married	52614	1	No	"Sunday, May 8, 2016"	No	6	4	5	1
584	Female	24	Some Travel	Technology	27	IL	White	4	Other	Data Scientist	Married	33554	0	No	"Saturday, May 21, 2016"	No	6	1	2	6
585	Male	24	Some Travel	Technology	23	NY	White	5	Computer Science	Senior Software Engineer	Single	92798	0	Yes	"Monday, May 23, 2016"	No	6	4	4	1
586	Male	25	Frequent Traveller	Technology	35	NY	White	2	Information Systems	Data Scientist	Single	28139	0	No	"Monday, May 23, 2016"	No	6	1	1	5
587	Male	27	No Travel 	Sales	17	IL	Asian or Asian American	4	Marketing	Sales Executive	Married	71832	1	No	"Monday, May 23, 2016"	No	6	6	6	1
588	Male	27	Some Travel	Technology	1	CA	Other 	2	Computer Science	Senior Software Engineer	Divorced	90487	1	No	"Wednesday, May 25, 2016"	No	6	4	4	4
589	Male	25	Frequent Traveller	Technology	28	CA	Mixed or multiple ethnic groups	1	Information Systems	Software Engineer	Single	23993	0	Yes	"Tuesday, May 31, 2016"	No	6	3	4	4
590	Female	24	Some Travel	Technology	3	CA	White	3	Business Studies	Software Engineer	Married	41664	1	No	"Wednesday, June 8, 2016"	No	6	3	4	2
591	Non-Binary	24	Some Travel	Sales	41	CA	Mixed or multiple ethnic groups	2	Marketing 	Sales Executive	Divorced	111750	1	No	"Friday, June 10, 2016"	No	6	4	6	2
592	Female	25	Frequent Traveller	Technology	17	CA	Native Hawaiian 	3	Computer Science	Software Engineer	Married	54566	1	No	"Wednesday, June 15, 2016"	No	6	3	6	5
593	Male	27	Some Travel	Technology	42	NY	American Indian or Alaska Native	3	Other	Machine Learning Engineer	Married	49343	1	No	"Thursday, June 16, 2016"	No	6	3	3	0
594	Male	27	Frequent Traveller	Technology	45	CA	White	2	Information Systems	Data Scientist	Single	34579	0	No	"Friday, June 17, 2016"	No	6	4	4	4
595	Male	24	No Travel 	Sales	8	CA	White	3	Marketing	Sales Executive	Single	82405	0	Yes	"Sunday, June 19, 2016"	Yes	5	1	4	1
596	Non-Binary	26	Some Travel	Sales	5	NY	White	3	Marketing	Sales Executive	Married	107966	2	No	"Thursday, June 23, 2016"	No	6	6	6	6
597	Female	24	Some Travel	Sales	4	CA	Mixed or multiple ethnic groups	3	Economics	Sales Executive	Married	133274	1	No	"Thursday, June 23, 2016"	No	6	2	3	1
598	Female	43	Some Travel	Sales	12	CA	White	4	Marketing 	Manager	Married	513262	0	No	"Thursday, June 30, 2016"	No	6	1	3	1
599	Male	26	Some Travel	Sales	7	CA	Black or African American	3	Marketing 	Sales Representative	Single	36101	0	No	"Thursday, June 30, 2016"	No	6	6	6	6
600	Male	25	Some Travel	Technology	44	CA	White	4	Other	Software Engineer	Divorced	52210	3	No	"Friday, July 1, 2016"	No	6	0	1	0
601	Female	24	No Travel 	Sales	39	CA	Mixed or multiple ethnic groups	2	Marketing	Sales Executive	Married	151986	1	Yes	"Saturday, July 9, 2016"	No	6	5	6	3
602	Female	27	Some Travel	Technology	45	IL	Mixed or multiple ethnic groups	3	Business Studies	Software Engineer	Married	28828	1	No	"Saturday, July 9, 2016"	No	6	1	6	4
603	Male	26	Some Travel	Human Resources	11	NY	Asian or Asian American	3	Other	HR Executive	Single	70395	0	No	"Monday, July 11, 2016"	No	6	5	6	2
604	Female	26	Some Travel	Sales	42	CA	White	3	Marketing	Sales Executive	Married	92364	1	Yes	"Tuesday, July 12, 2016"	No	6	4	5	6
605	Female	27	Some Travel	Human Resources	24	CA	Mixed or multiple ethnic groups	2	Other	HR Executive	Divorced	55206	0	No	"Wednesday, July 13, 2016"	No	6	1	3	4
606	Female	25	Some Travel	Technology	34	CA	White	3	Information Systems	Data Scientist	Single	45286	0	Yes	"Thursday, July 14, 2016"	No	6	1	3	1
607	Female	25	Some Travel	Technology	13	IL	White	3	Information Systems	Analytics Manager	Married	211401	0	No	"Sunday, July 17, 2016"	No	6	1	1	3
608	Female	27	Frequent Traveller	Sales	21	NY	White	3	Economics	Sales Executive	Married	66488	1	No	"Monday, July 18, 2016"	No	6	5	6	3
609	Male	25	Some Travel	Technology	28	NY	Other 	4	Information Systems	Software Engineer	Married	29126	2	No	"Monday, July 18, 2016"	No	6	0	2	3
610	Female	25	Some Travel	Technology	9	NY	White	3	Information Systems	Software Engineer	Single	39636	0	Yes	"Thursday, July 21, 2016"	No	6	0	5	1
611	Male	26	Some Travel	Technology	18	CA	Asian or Asian American	3	Information Systems	Machine Learning Engineer	Divorced	54470	1	No	"Thursday, July 21, 2016"	No	6	0	6	3
612	Male	25	Some Travel	Sales	37	CA	Asian or Asian American	3	Economics	Sales Executive	Married	79329	0	No	"Friday, July 22, 2016"	Yes	1	1	1	1
613	Female	27	Some Travel	Sales	36	CA	Asian or Asian American	3	Technical Degree	Sales Executive	Divorced	173994	1	No	"Saturday, July 23, 2016"	No	6	1	5	6
614	Male	24	Some Travel	Technology	30	CA	White	3	Business Studies	Software Engineer	Single	26363	0	No	"Sunday, July 24, 2016"	No	6	6	6	2
615	Prefer Not To Say	27	Some Travel	Technology	37	NY	White	3	Information Systems	Analytics Manager	Single	130012	0	No	"Monday, July 25, 2016"	No	6	6	6	0
616	Female	26	Some Travel	Technology	16	CA	American Indian or Alaska Native	2	Business Studies	Software Engineer	Married	34630	0	No	"Saturday, July 30, 2016"	No	6	2	6	0
617	Female	24	Some Travel	Technology	30	CA	White	3	Information Systems	Data Scientist	Single	61883	0	No	"Tuesday, August 2, 2016"	Yes	1	1	1	0
618	Female	27	Frequent Traveller	Technology	1	CA	White	4	Computer Science	Senior Software Engineer	Married	56302	2	Yes	"Thursday, August 4, 2016"	No	6	3	5	4
619	Female	24	Some Travel	Sales	3	CA	Asian or Asian American	3	Marketing	Sales Executive	Divorced	130774	1	Yes	"Monday, August 15, 2016"	Yes	4	3	3	4
620	Female	26	Some Travel	Sales	2	CA	Asian or Asian American	2	Marketing	Sales Executive	Single	149390	0	Yes	"Monday, August 15, 2016"	Yes	3	1	1	2
621	Male	24	Some Travel	Technology	19	CA	Mixed or multiple ethnic groups	4	Computer Science	Software Engineer	Divorced	35270	1	No	"Tuesday, August 16, 2016"	No	6	0	5	2
622	Male	27	Some Travel	Technology	28	CA	White	3	Computer Science	Data Scientist	Single	20387	0	No	"Tuesday, August 16, 2016"	Yes	0	0	0	0
623	Non-Binary	26	Some Travel	Technology	8	NY	White	2	Computer Science	Software Engineer	Divorced	27219	2	No	"Tuesday, August 16, 2016"	No	6	3	5	4
624	Male	25	Frequent Traveller	Sales	25	CA	Black or African American	3	Marketing 	Sales Executive	Married	46283	1	No	"Wednesday, August 24, 2016"	No	6	5	6	1
625	Female	27	Some Travel	Sales	19	CA	American Indian or Alaska Native	4	Marketing	Manager	Married	149813	0	No	"Tuesday, August 30, 2016"	No	6	0	1	1
626	Male	25	Frequent Traveller	Sales	19	CA	Mixed or multiple ethnic groups	4	Marketing 	Sales Representative	Single	28090	0	No	"Wednesday, August 31, 2016"	Yes	0	0	0	0
627	Male	26	Some Travel	Technology	2	IL	White	3	Computer Science	Data Scientist	Divorced	30207	1	Yes	"Thursday, September 1, 2016"	Yes	5	1	3	0
628	Male	24	Some Travel	Technology	1	NY	White	4	Computer Science	Senior Software Engineer	Married	70849	2	No	"Saturday, September 3, 2016"	No	6	0	1	6
629	Female	25	Frequent Traveller	Technology	24	CA	Mixed or multiple ethnic groups	1	Business Studies	Software Engineer	Single	40314	0	No	"Thursday, September 15, 2016"	Yes	3	1	3	3
630	Female	24	Some Travel	Technology	30	CA	White	3	Computer Science	Machine Learning Engineer	Divorced	94318	1	Yes	"Wednesday, September 21, 2016"	No	6	3	6	5
631	Male	24	Frequent Traveller	Technology	7	IL	White	3	Information Systems	Data Scientist	Divorced	104649	2	No	"Friday, September 23, 2016"	Yes	4	4	4	3
632	Male	27	Some Travel	Technology	6	CA	Mixed or multiple ethnic groups	3	Information Systems	Engineering Manager	Married	292500	3	No	"Sunday, September 25, 2016"	No	6	5	6	2
633	Male	25	Some Travel	Technology	18	CA	White	4	Information Systems	Machine Learning Engineer	Married	130434	0	Yes	"Monday, September 26, 2016"	Yes	0	0	0	0
634	Female	27	Some Travel	Technology	26	NY	White	1	Information Systems	Software Engineer	Single	37423	0	Yes	"Friday, September 30, 2016"	No	6	4	4	2
635	Female	24	Some Travel	Technology	12	CA	White	3	Information Systems	Data Scientist	Married	47183	1	No	"Tuesday, October 4, 2016"	No	6	6	6	6
636	Female	27	Some Travel	Technology	16	CA	White	1	Information Systems	Software Engineer	Single	54379	0	No	"Tuesday, October 4, 2016"	No	6	1	2	2
637	Male	26	Some Travel	Technology	6	CA	Black or African American	4	Information Systems	Machine Learning Engineer	Married	89771	2	Yes	"Tuesday, October 4, 2016"	Yes	1	0	0	0
638	Male	27	Some Travel	Technology	22	CA	White	2	Computer Science	Data Scientist	Single	56449	0	Yes	"Tuesday, October 4, 2016"	Yes	3	1	1	2
639	Non-Binary	27	Frequent Traveller	Sales	41	CA	Asian or Asian American	3	Marketing	Sales Representative	Single	28984	0	Yes	"Monday, October 10, 2016"	Yes	3	1	1	0
640	Male	24	Frequent Traveller	Technology	10	NY	Mixed or multiple ethnic groups	4	Computer Science	Data Scientist	Married	67447	1	Yes	"Monday, October 10, 2016"	No	6	2	6	6
641	Female	26	Some Travel	Technology	36	CA	White	4	Information Systems	Data Scientist	Married	22162	1	Yes	"Saturday, October 15, 2016"	No	6	4	5	6
642	Female	27	Some Travel	Sales	4	CA	Asian or Asian American	4	Marketing 	Manager	Divorced	255718	3	No	"Saturday, October 15, 2016"	No	6	0	5	4
643	Female	27	Frequent Traveller	Technology	20	CA	White	3	Information Systems	Senior Software Engineer	Married	167879	1	Yes	"Saturday, October 15, 2016"	No	6	6	6	3
644	Non-Binary	26	Some Travel	Sales	38	CA	Mixed or multiple ethnic groups	3	Technical Degree	Sales Executive	Divorced	104898	1	No	"Sunday, October 16, 2016"	No	6	5	5	1
645	Male	26	Some Travel	Technology	3	NY	Black or African American	4	Information Systems	Data Scientist	Divorced	28952	1	Yes	"Saturday, October 22, 2016"	Yes	0	0	0	0
646	Female	24	Frequent Traveller	Technology	26	CA	White	4	Business Studies	Senior Software Engineer	Single	133949	0	No	"Wednesday, October 26, 2016"	No	6	4	6	6
647	Male	25	Some Travel	Technology	22	IL	Black or African American	3	Information Systems	Data Scientist	Married	21350	0	Yes	"Thursday, October 27, 2016"	Yes	5	3	3	2
648	Male	25	Some Travel	Technology	2	CA	Black or African American	4	Computer Science	Software Engineer	Divorced	73825	1	Yes	"Wednesday, November 2, 2016"	No	6	1	4	4
649	Male	26	Some Travel	Sales	17	IL	Black or African American	4	Economics	Manager	Divorced	290774	1	No	"Saturday, November 5, 2016"	No	6	5	5	3
650	Male	26	Frequent Traveller	Technology	22	CA	Asian or Asian American	3	Computer Science	Software Engineer	Divorced	81726	2	Yes	"Sunday, November 6, 2016"	No	6	0	6	1
651	Male	25	Some Travel	Sales	2	CA	Black or African American	4	Economics	Sales Executive	Married	75555	1	No	"Tuesday, November 8, 2016"	No	6	5	6	4
652	Male	26	Some Travel	Sales	2	CA	Asian or Asian American	4	Economics	Sales Executive	Single	60087	0	Yes	"Tuesday, November 8, 2016"	Yes	4	0	0	3
653	Female	26	Frequent Traveller	Technology	14	NY	Mixed or multiple ethnic groups	3	Computer Science	Machine Learning Engineer	Divorced	92778	1	No	"Wednesday, November 9, 2016"	No	6	6	6	1
654	Female	24	Some Travel	Technology	5	NY	Asian or Asian American	2	Information Systems	Data Scientist	Divorced	46151	1	No	"Saturday, November 12, 2016"	No	6	4	6	2
655	Female	25	Some Travel	Technology	16	CA	Black or African American	2	Computer Science	Engineering Manager	Married	184441	1	No	"Sunday, November 13, 2016"	No	6	6	6	3
656	Male	25	Frequent Traveller	Technology	21	CA	White	4	Information Systems	Engineering Manager	Single	182961	0	No	"Tuesday, November 15, 2016"	No	6	3	5	1
657	Female	27	Some Travel	Sales	34	CA	White	2	Marketing 	Sales Executive	Married	129366	1	No	"Thursday, November 17, 2016"	No	6	0	5	0
658	Male	24	Some Travel	Technology	24	NY	White	3	Computer Science	Software Engineer	Single	28156	0	Yes	"Friday, November 18, 2016"	No	6	6	6	5
659	Female	24	Some Travel	Technology	26	IL	White	2	Information Systems	Machine Learning Engineer	Married	93490	1	Yes	"Thursday, November 24, 2016"	No	6	4	5	6
660	Female	27	No Travel 	Technology	25	CA	White	3	Computer Science	Software Engineer	Single	27369	0	No	"Tuesday, November 29, 2016"	No	6	4	6	3
661	Female	26	Some Travel	Sales	4	NY	Black or African American	2	Economics	Sales Executive	Married	82147	2	No	"Monday, December 5, 2016"	No	6	2	4	3
662	Male	27	Some Travel	Technology	14	IL	White	4	Computer Science	Data Scientist	Single	37545	0	No	"Tuesday, December 6, 2016"	Yes	2	1	1	1
663	Female	25	Some Travel	Technology	27	CA	Mixed or multiple ethnic groups	2	Computer Science	Machine Learning Engineer	Married	84770	1	Yes	"Tuesday, December 20, 2016"	No	6	0	5	0
664	Female	26	Frequent Traveller	Technology	5	IL	White	3	Computer Science	Senior Software Engineer	Married	99203	1	Yes	"Wednesday, December 28, 2016"	No	6	3	3	4
665	Female	29	Some Travel	Technology	32	IL	Native Hawaiian 	3	Information Systems	Engineering Manager	Married	388605	1	Yes	"Sunday, January 1, 2017"	No	5	2	5	0
666	Male	25	Some Travel	Technology	18	CA	White	3	Computer Science	Senior Software Engineer	Married	55541	1	No	"Sunday, January 8, 2017"	No	5	4	5	4
667	Female	25	Frequent Traveller	Sales	33	CA	White	3	Marketing	Sales Executive	Single	94810	0	No	"Wednesday, January 18, 2017"	No	5	0	0	3
668	Male	23	Some Travel	Sales	26	NY	Native Hawaiian 	2	Marketing 	Sales Executive	Single	58345	0	Yes	"Thursday, January 19, 2017"	No	5	4	4	4
669	Female	24	Some Travel	Sales	16	CA	White	2	Marketing 	Sales Executive	Single	43158	0	Yes	"Sunday, January 29, 2017"	No	5	0	5	5
670	Female	26	Some Travel	Technology	21	CA	White	2	Other	Data Scientist	Married	89366	1	No	"Monday, January 30, 2017"	No	5	5	5	0
671	Prefer Not To Say	34	Some Travel	Technology	18	CA	White	3	Computer Science	Engineering Manager	Divorced	323488	1	No	"Wednesday, February 1, 2017"	No	5	0	1	1
672	Female	23	Some Travel	Sales	21	CA	White	4	Marketing	Sales Executive	Single	37626	0	No	"Saturday, February 4, 2017"	No	5	4	4	2
673	Female	24	Some Travel	Technology	42	CA	White	2	Other	Data Scientist	Married	38775	1	Yes	"Monday, February 6, 2017"	No	5	0	5	1
674	Male	23	Some Travel	Technology	19	NY	American Indian or Alaska Native	4	Business Studies	Data Scientist	Married	25986	1	No	"Wednesday, February 8, 2017"	No	5	4	4	3
675	Female	25	Frequent Traveller	Technology	36	CA	American Indian or Alaska Native	2	Information Systems	Data Scientist	Single	31698	0	No	"Monday, February 13, 2017"	No	5	5	5	2
676	Male	24	Some Travel	Sales	29	CA	Mixed or multiple ethnic groups	3	Marketing	Sales Executive	Married	105859	2	No	"Monday, February 13, 2017"	No	5	5	5	3
677	Female	25	Some Travel	Technology	32	NY	Mixed or multiple ethnic groups	3	Information Systems	Software Engineer	Married	35586	0	No	"Friday, February 17, 2017"	No	5	4	5	0
678	Female	25	No Travel 	Technology	27	NY	Mixed or multiple ethnic groups	4	Business Studies	Software Engineer	Married	28288	2	No	"Wednesday, March 1, 2017"	No	5	5	5	0
679	Male	23	Some Travel	Technology	25	CA	White	2	Information Systems	Data Scientist	Married	50570	1	No	"Wednesday, March 1, 2017"	No	5	2	3	2
680	Male	24	Some Travel	Human Resources	36	IL	Mixed or multiple ethnic groups	3	Human Resources	Recruiter	Married	29428	0	No	"Thursday, March 2, 2017"	No	5	5	5	0
681	Male	24	Some Travel	Sales	13	CA	Mixed or multiple ethnic groups	2	Economics	Sales Executive	Married	64852	1	No	"Sunday, March 5, 2017"	No	5	1	5	2
682	Male	23	Some Travel	Technology	6	CA	Mixed or multiple ethnic groups	4	Other	Software Engineer	Married	87483	1	Yes	"Monday, March 6, 2017"	No	5	1	2	0
683	Female	26	Some Travel	Technology	23	CA	American Indian or Alaska Native	2	Information Systems	Analytics Manager	Married	221954	1	No	"Wednesday, March 8, 2017"	No	5	0	3	1
684	Female	26	No Travel 	Sales	8	IL	White	2	Technical Degree	Sales Executive	Married	61686	1	Yes	"Tuesday, March 14, 2017"	No	5	0	0	1
685	Male	26	Some Travel	Technology	15	NY	White	1	Information Systems	Software Engineer	Married	45085	2	No	"Friday, March 17, 2017"	No	5	2	4	2
686	Male	24	Some Travel	Technology	16	CA	Asian or Asian American	1	Computer Science	Machine Learning Engineer	Married	55814	2	No	"Tuesday, March 21, 2017"	No	5	3	4	3
687	Female	23	Some Travel	Sales	16	CA	White	3	Marketing	Sales Representative	Single	23794	0	No	"Saturday, March 25, 2017"	Yes	1	0	0	0
688	Male	25	Some Travel	Human Resources	18	NY	Black or African American	4	Marketing 	HR Business Partner	Single	190466	0	No	"Sunday, March 26, 2017"	No	5	2	2	5
689	Male	23	Some Travel	Technology	45	CA	Asian or Asian American	2	Computer Science	Software Engineer	Married	37322	1	No	"Tuesday, March 28, 2017"	No	5	3	3	3
690	Male	23	Some Travel	Technology	33	NY	Native Hawaiian 	2	Information Systems	Data Scientist	Married	26198	1	Yes	"Tuesday, April 4, 2017"	No	5	4	4	0
691	Male	24	Some Travel	Technology	35	CA	Black or African American	3	Information Systems	Machine Learning Engineer	Married	128126	0	Yes	"Tuesday, April 4, 2017"	No	5	0	0	5
692	Female	26	Some Travel	Sales	29	NY	White	1	Marketing	Manager	Married	172070	1	No	"Sunday, April 9, 2017"	No	5	4	4	3
693	Male	23	Some Travel	Technology	5	CA	Asian or Asian American	3	Information Systems	Software Engineer	Single	63709	0	No	"Friday, April 14, 2017"	Yes	1	0	0	0
694	Non-Binary	25	Some Travel	Technology	4	CA	Mixed or multiple ethnic groups	3	Business Studies	Machine Learning Engineer	Divorced	39456	2	No	"Saturday, April 15, 2017"	No	5	1	5	4
695	Female	25	Frequent Traveller	Technology	5	CA	Mixed or multiple ethnic groups	4	Computer Science	Software Engineer	Single	67151	0	Yes	"Saturday, April 22, 2017"	No	5	4	5	4
696	Male	26	Frequent Traveller	Technology	12	IL	White	3	Other	Data Scientist	Married	29449	1	No	"Saturday, April 22, 2017"	No	5	1	3	1
697	Non-Binary	24	Some Travel	Technology	23	CA	American Indian or Alaska Native	3	Computer Science	Data Scientist	Single	100586	0	No	"Sunday, April 23, 2017"	Yes	4	4	4	4
698	Male	25	Some Travel	Human Resources	44	CA	Black or African American	4	Economics	HR Executive	Married	132102	1	No	"Sunday, April 23, 2017"	No	5	5	5	0
699	Male	24	Some Travel	Human Resources	1	IL	Mixed or multiple ethnic groups	5	Human Resources	HR Executive	Married	44634	0	No	"Tuesday, April 25, 2017"	Yes	4	3	3	2
700	Non-Binary	23	Some Travel	Technology	7	NY	Asian or Asian American	3	Business Studies	Software Engineer	Single	28753	0	No	"Tuesday, May 2, 2017"	Yes	2	1	1	0
701	Male	25	Some Travel	Technology	20	CA	White	3	Computer Science	Data Scientist	Married	27673	2	Yes	"Friday, May 5, 2017"	Yes	3	2	3	1
702	Female	26	Some Travel	Technology	18	CA	White	3	Computer Science	Data Scientist	Divorced	26414	2	No	"Sunday, May 14, 2017"	No	5	5	5	0
703	Male	25	Some Travel	Technology	9	NY	White	3	Information Systems	Engineering Manager	Single	243908	0	No	"Monday, May 15, 2017"	No	5	4	4	1
704	Female	24	No Travel 	Technology	26	CA	Asian or Asian American	4	Computer Science	Senior Software Engineer	Divorced	77358	1	Yes	"Tuesday, May 30, 2017"	No	5	0	0	4
705	Male	41	Some Travel	Sales	25	CA	American Indian or Alaska Native	3	Marketing 	Sales Executive	Single	231843	0	Yes	"Thursday, June 1, 2017"	Yes	1	1	1	0
706	Female	25	No Travel 	Technology	30	CA	White	2	Computer Science	Senior Software Engineer	Divorced	43644	2	No	"Friday, June 2, 2017"	No	5	3	3	5
707	Male	25	Some Travel	Sales	44	CA	Mixed or multiple ethnic groups	2	Marketing	Sales Executive	Married	75635	2	No	"Wednesday, June 7, 2017"	No	5	2	2	5
708	Male	25	Frequent Traveller	Technology	20	NY	American Indian or Alaska Native	3	Information Systems	Data Scientist	Single	61054	0	No	"Saturday, June 24, 2017"	No	5	0	1	0
709	Prefer Not To Say	23	Some Travel	Human Resources	42	CA	Black or African American	1	Marketing 	Recruiter	Married	30683	1	No	"Sunday, June 25, 2017"	No	5	5	5	5
710	Female	26	Some Travel	Technology	18	CA	Mixed or multiple ethnic groups	3	Information Systems	Data Scientist	Married	46809	1	No	"Thursday, June 29, 2017"	No	5	0	0	2
711	Male	26	Some Travel	Technology	2	CA	White	3	Computer Science	Software Engineer	Married	57722	1	Yes	"Friday, June 30, 2017"	No	5	4	4	0
712	Prefer Not To Say	23	Some Travel	Technology	32	CA	White	4	Computer Science	Software Engineer	Divorced	23041	1	Yes	"Friday, June 30, 2017"	No	5	1	5	3
713	Female	23	Some Travel	Sales	18	NY	Other 	4	Technical Degree	Sales Executive	Married	83677	1	Yes	"Monday, July 10, 2017"	No	5	0	5	3
714	Female	25	Some Travel	Technology	12	NY	Mixed or multiple ethnic groups	3	Business Studies	Software Engineer	Divorced	52957	1	No	"Monday, July 10, 2017"	No	5	3	5	4
715	Male	23	Frequent Traveller	Sales	31	CA	Mixed or multiple ethnic groups	3	Technical Degree	Sales Representative	Single	23505	0	No	"Wednesday, July 12, 2017"	Yes	1	0	0	0
716	Male	24	Some Travel	Technology	45	CA	Mixed or multiple ethnic groups	4	Information Systems	Data Scientist	Married	38022	0	No	"Friday, July 14, 2017"	No	5	5	5	1
717	Male	24	Frequent Traveller	Technology	15	IL	White	2	Computer Science	Data Scientist	Divorced	63078	1	No	"Monday, July 17, 2017"	No	5	5	5	2
718	Non-Binary	23	Frequent Traveller	Technology	15	CA	Asian or Asian American	3	Information Systems	Data Scientist	Single	29890	0	No	"Monday, July 24, 2017"	No	5	0	1	1
719	Female	26	Some Travel	Technology	24	CA	White	4	Computer Science	Data Scientist	Divorced	35757	1	No	"Tuesday, July 25, 2017"	No	5	3	4	0
720	Male	25	Some Travel	Technology	17	NY	Mixed or multiple ethnic groups	3	Computer Science	Software Engineer	Married	44082	0	No	"Tuesday, July 25, 2017"	No	5	1	3	0
721	Female	25	Some Travel	Technology	21	CA	White	1	Information Systems	Senior Software Engineer	Divorced	64398	3	No	"Thursday, July 27, 2017"	No	5	2	3	3
722	Non-Binary	26	Some Travel	Technology	12	NY	White	4	Computer Science	Software Engineer	Single	37530	0	No	"Sunday, July 30, 2017"	No	5	5	5	5
723	Female	25	Some Travel	Technology	21	CA	White	4	Information Systems	Engineering Manager	Married	261970	1	Yes	"Monday, July 31, 2017"	No	5	4	4	3
724	Male	26	No Travel 	Technology	15	IL	Mixed or multiple ethnic groups	4	Business Studies	Software Engineer	Married	35373	1	Yes	"Wednesday, August 2, 2017"	Yes	4	3	3	0
725	Non-Binary	26	No Travel 	Human Resources	23	CA	White	3	Human Resources	HR Business Partner	Single	240035	0	Yes	"Thursday, August 3, 2017"	No	5	5	5	3
726	Male	33	Some Travel	Technology	4	CA	Black or African American	4	Information Systems	Engineering Manager	Single	335261	0	No	"Thursday, August 3, 2017"	No	5	5	5	0
727	Female	24	Some Travel	Technology	33	NY	White	3	Information Systems	Senior Software Engineer	Single	115399	0	No	"Wednesday, August 9, 2017"	No	5	5	5	3
728	Female	23	Some Travel	Technology	29	CA	Mixed or multiple ethnic groups	3	Information Systems	Software Engineer	Divorced	25500	1	No	"Saturday, August 12, 2017"	No	5	5	5	3
729	Male	26	Some Travel	Technology	35	CA	American Indian or Alaska Native	4	Information Systems	Engineering Manager	Divorced	292386	2	No	"Monday, August 14, 2017"	No	5	2	2	5
730	Female	24	No Travel 	Technology	29	CA	White	4	Information Systems	Machine Learning Engineer	Married	158330	3	Yes	"Friday, August 18, 2017"	No	5	1	3	0
731	Female	25	Some Travel	Sales	4	CA	Other 	3	Marketing	Sales Executive	Single	48917	0	No	"Saturday, August 19, 2017"	No	5	2	4	3
732	Non-Binary	26	No Travel 	Sales	18	IL	White	2	Economics	Sales Executive	Single	65194	0	No	"Tuesday, August 22, 2017"	No	5	3	4	5
733	Non-Binary	24	Frequent Traveller	Sales	17	CA	White	4	Marketing 	Sales Executive	Married	56155	1	No	"Saturday, August 26, 2017"	No	5	2	2	0
734	Male	23	Some Travel	Technology	1	IL	Black or African American	1	Other	Data Scientist	Divorced	47648	1	Yes	"Tuesday, August 29, 2017"	No	5	2	4	5
735	Male	25	Frequent Traveller	Technology	23	CA	Black or African American	3	Information Systems	Software Engineer	Married	22525	1	No	"Thursday, August 31, 2017"	No	5	3	4	5
736	Male	26	Some Travel	Technology	28	CA	Mixed or multiple ethnic groups	5	Computer Science	Engineering Manager	Married	246505	1	No	"Monday, September 4, 2017"	No	5	1	3	2
737	Female	38	Frequent Traveller	Technology	44	CA	White	2	Computer Science	Engineering Manager	Single	293425	0	Yes	"Tuesday, September 5, 2017"	No	5	4	4	4
738	Male	26	Some Travel	Technology	20	NY	White	1	Computer Science	Senior Software Engineer	Married	207687	1	Yes	"Friday, September 8, 2017"	No	5	0	5	4
739	Male	24	Some Travel	Technology	17	NY	Mixed or multiple ethnic groups	4	Other	Software Engineer	Married	30720	1	No	"Saturday, September 9, 2017"	No	5	4	5	4
740	Female	24	Frequent Traveller	Sales	29	CA	Black or African American	1	Economics	Sales Representative	Single	26608	0	No	"Tuesday, September 12, 2017"	No	5	0	3	1
741	Male	24	Some Travel	Sales	31	CA	American Indian or Alaska Native	4	Marketing	Sales Executive	Married	105502	2	No	"Tuesday, September 12, 2017"	No	5	2	5	2
742	Female	26	Some Travel	Technology	45	IL	Black or African American	3	Computer Science	Software Engineer	Single	74096	0	No	"Tuesday, September 19, 2017"	No	5	0	5	4
743	Female	25	No Travel 	Technology	28	CA	White	4	Other	Senior Software Engineer	Single	68762	0	Yes	"Saturday, September 23, 2017"	No	5	3	5	4
744	Female	25	Some Travel	Sales	3	CA	White	1	Marketing	Sales Executive	Married	58631	3	Yes	"Tuesday, September 26, 2017"	No	5	4	4	3
745	Female	26	Frequent Traveller	Technology	28	NY	Mixed or multiple ethnic groups	4	Information Systems	Machine Learning Engineer	Divorced	79324	0	Yes	"Friday, September 29, 2017"	No	5	2	3	5
746	Female	24	No Travel 	Technology	7	CA	Black or African American	2	Information Systems	Senior Software Engineer	Married	126527	1	Yes	"Sunday, October 1, 2017"	No	5	1	5	3
747	Female	25	Some Travel	Technology	40	NY	White	2	Computer Science	Machine Learning Engineer	Married	80779	1	Yes	"Wednesday, October 4, 2017"	No	5	1	4	5
748	Female	26	Some Travel	Sales	18	CA	White	2	Marketing 	Sales Executive	Single	62868	0	No	"Monday, October 9, 2017"	No	5	2	4	0
749	Female	24	Some Travel	Technology	26	CA	White	3	Information Systems	Senior Software Engineer	Married	80374	2	No	"Saturday, October 14, 2017"	No	5	4	4	4
750	Male	24	No Travel 	Sales	2	CA	American Indian or Alaska Native	4	Marketing 	Sales Executive	Single	64277	0	No	"Sunday, October 15, 2017"	No	5	4	4	5
751	Male	41	Some Travel	Technology	28	NY	American Indian or Alaska Native	4	Business Studies	Senior Software Engineer	Divorced	184411	3	No	"Tuesday, October 17, 2017"	No	5	5	5	4
752	Female	26	Some Travel	Technology	33	CA	Black or African American	3	Computer Science	Data Scientist	Married	34805	0	No	"Saturday, October 21, 2017"	No	5	5	5	0
753	Male	33	Frequent Traveller	Technology	30	CA	White	2	Computer Science	Machine Learning Engineer	Married	200350	1	No	"Sunday, October 22, 2017"	No	5	3	5	0
754	Male	26	Some Travel	Technology	23	CA	White	5	Information Systems	Machine Learning Engineer	Married	78934	3	No	"Tuesday, October 24, 2017"	No	5	2	2	4
755	Male	23	Some Travel	Human Resources	39	CA	Other 	2	Human Resources	HR Executive	Married	55805	1	No	"Sunday, October 29, 2017"	No	5	3	3	1
756	Male	26	Some Travel	Sales	39	CA	Black or African American	3	Marketing 	Sales Executive	Married	104176	1	No	"Friday, November 3, 2017"	No	5	2	3	3
757	Female	26	Some Travel	Technology	34	CA	Black or African American	4	Information Systems	Software Engineer	Married	71198	0	No	"Tuesday, November 7, 2017"	Yes	5	0	0	1
758	Female	25	Some Travel	Technology	22	NY	Mixed or multiple ethnic groups	3	Business Studies	Software Engineer	Married	53271	1	No	"Sunday, November 19, 2017"	No	5	5	5	1
759	Non-Binary	24	Some Travel	Technology	26	CA	Black or African American	2	Computer Science	Software Engineer	Single	34657	0	No	"Tuesday, November 21, 2017"	No	5	5	5	2
760	Female	26	Frequent Traveller	Technology	16	CA	White	4	Other	Software Engineer	Married	62602	0	Yes	"Friday, November 24, 2017"	No	5	2	3	2
761	Female	35	Frequent Traveller	Technology	38	NY	Mixed or multiple ethnic groups	5	Information Systems	Engineering Manager	Single	310285	0	Yes	"Thursday, November 30, 2017"	No	5	4	4	3
762	Male	26	Some Travel	Technology	41	CA	White	5	Business Studies	Machine Learning Engineer	Married	161600	1	No	"Thursday, December 7, 2017"	Yes	5	0	2	0
763	Male	25	Some Travel	Technology	16	NY	Black or African American	3	Information Systems	Data Scientist	Divorced	37742	1	No	"Tuesday, December 12, 2017"	No	5	1	3	3
764	Female	31	Some Travel	Technology	42	NY	White	3	Computer Science	Engineering Manager	Married	442820	0	Yes	"Friday, December 15, 2017"	No	5	1	2	2
765	Male	26	Some Travel	Technology	17	NY	Black or African American	4	Business Studies	Senior Software Engineer	Married	110761	1	No	"Monday, December 18, 2017"	No	5	0	5	3
766	Male	25	Some Travel	Technology	24	CA	Native Hawaiian 	4	Other	Engineering Manager	Divorced	204154	1	Yes	"Thursday, December 21, 2017"	No	5	2	3	0
767	Male	23	Some Travel	Technology	12	NY	Black or African American	3	Computer Science	Software Engineer	Married	35776	2	Yes	"Friday, December 22, 2017"	No	5	0	3	4
768	Female	24	Some Travel	Technology	5	NY	White	1	Information Systems	Data Scientist	Single	100818	0	No	"Sunday, December 24, 2017"	No	5	1	3	0
769	Non-Binary	24	Some Travel	Sales	8	IL	Black or African American	2	Economics	Sales Executive	Single	85238	0	No	"Sunday, December 24, 2017"	No	5	0	4	1
770	Male	24	Some Travel	Technology	12	NY	White	3	Computer Science	Software Engineer	Single	33202	0	No	"Saturday, December 30, 2017"	No	5	5	5	4
771	Female	23	Some Travel	Technology	37	NY	White	2	Business Studies	Data Scientist	Divorced	36098	3	No	"Monday, January 1, 2018"	No	4	3	3	1
772	Female	25	Frequent Traveller	Sales	21	IL	Black or African American	2	Technical Degree	Sales Executive	Married	91332	1	No	"Wednesday, January 3, 2018"	No	4	3	3	3
773	Female	22	Some Travel	Technology	2	NY	White	4	Computer Science	Data Scientist	Married	39732	1	Yes	"Monday, January 8, 2018"	No	4	1	2	2
774	Male	25	Frequent Traveller	Sales	42	IL	Black or African American	3	Marketing 	Sales Executive	Married	72758	2	No	"Friday, January 12, 2018"	No	4	3	3	3
775	Female	36	Some Travel	Human Resources	31	IL	Black or African American	4	Human Resources	HR Manager	Divorced	509940	3	No	"Monday, January 15, 2018"	No	4	4	4	2
776	Male	24	Some Travel	Technology	7	CA	Asian or Asian American	4	Information Systems	Software Engineer	Married	85074	1	No	"Monday, January 15, 2018"	No	4	1	2	4
777	Female	23	Some Travel	Sales	19	NY	Mixed or multiple ethnic groups	4	Economics	Sales Executive	Divorced	87629	2	No	"Friday, January 19, 2018"	No	4	4	4	1
778	Female	25	Some Travel	Technology	13	NY	Black or African American	1	Information Systems	Analytics Manager	Married	168483	0	Yes	"Saturday, January 20, 2018"	No	4	2	3	1
779	Male	25	Some Travel	Technology	37	CA	Black or African American	2	Computer Science	Data Scientist	Married	38038	0	No	"Friday, January 26, 2018"	Yes	2	1	1	1
780	Female	23	Some Travel	Sales	19	CA	White	3	Other	Sales Representative	Single	27185	0	No	"Tuesday, January 30, 2018"	No	4	4	4	0
781	Male	25	Frequent Traveller	Technology	20	NY	Mixed or multiple ethnic groups	4	Computer Science	Machine Learning Engineer	Married	96514	1	No	"Sunday, February 4, 2018"	No	4	4	4	0
782	Male	24	No Travel 	Technology	35	CA	Asian or Asian American	3	Computer Science	Data Scientist	Single	32502	0	Yes	"Tuesday, February 6, 2018"	Yes	1	1	1	0
783	Non-Binary	25	Some Travel	Technology	19	IL	Mixed or multiple ethnic groups	3	Computer Science	Senior Software Engineer	Divorced	90418	2	Yes	"Wednesday, February 14, 2018"	No	4	4	4	4
784	Female	22	Some Travel	Technology	16	CA	American Indian or Alaska Native	3	Business Studies	Software Engineer	Single	30838	0	No	"Friday, February 16, 2018"	No	4	4	4	0
785	Male	23	Some Travel	Sales	33	NY	White	3	Economics	Sales Representative	Married	30477	1	No	"Tuesday, February 20, 2018"	No	4	2	3	3
786	Non-Binary	29	Some Travel	Technology	25	CA	American Indian or Alaska Native	2	Information Systems	Senior Software Engineer	Married	145716	1	No	"Thursday, February 22, 2018"	Yes	1	0	1	1
787	Female	24	Some Travel	Sales	27	NY	White	4	Marketing	Sales Executive	Single	208684	0	Yes	"Tuesday, March 6, 2018"	Yes	2	0	0	0
788	Female	25	No Travel 	Technology	12	NY	Black or African American	2	Information Systems	Data Scientist	Divorced	28926	2	Yes	"Tuesday, March 6, 2018"	No	4	1	3	4
789	Female	22	No Travel 	Technology	27	CA	White	1	Information Systems	Data Scientist	Single	23039	0	No	"Thursday, March 8, 2018"	Yes	0	0	0	0
790	Male	22	Some Travel	Technology	11	IL	Mixed or multiple ethnic groups	3	Computer Science	Software Engineer	Divorced	74314	1	No	"Wednesday, March 14, 2018"	No	4	0	1	3
791	Male	25	No Travel 	Technology	43	CA	White	3	Computer Science	Data Scientist	Single	33086	0	No	"Thursday, March 15, 2018"	No	4	4	4	2
792	Female	40	Frequent Traveller	Sales	30	NY	Asian or Asian American	4	Marketing 	Sales Executive	Married	250555	1	Yes	"Monday, March 19, 2018"	No	4	4	4	2
793	Female	22	Some Travel	Sales	36	NY	Black or African American	3	Marketing	Sales Executive	Single	60699	0	No	"Wednesday, March 21, 2018"	No	4	0	3	0
794	Male	25	Some Travel	Technology	11	NY	White	2	Computer Science	Engineering Manager	Married	285138	1	No	"Wednesday, March 21, 2018"	No	4	0	3	4
795	Male	25	Frequent Traveller	Technology	24	CA	White	1	Computer Science	Senior Software Engineer	Divorced	121373	1	No	"Wednesday, March 21, 2018"	No	4	0	2	1
796	Male	23	Some Travel	Technology	44	NY	White	3	Information Systems	Senior Software Engineer	Married	81034	2	Yes	"Sunday, March 25, 2018"	No	4	1	1	0
797	Male	23	Some Travel	Technology	8	NY	White	4	Other	Software Engineer	Married	42250	2	No	"Monday, March 26, 2018"	No	4	1	2	4
798	Female	24	Some Travel	Technology	21	CA	Mixed or multiple ethnic groups	3	Information Systems	Data Scientist	Divorced	36862	1	Yes	"Thursday, March 29, 2018"	No	4	2	4	0
799	Female	23	Frequent Traveller	Technology	16	CA	Mixed or multiple ethnic groups	4	Computer Science	Machine Learning Engineer	Divorced	67558	1	No	"Saturday, March 31, 2018"	No	4	1	1	1
800	Non-Binary	25	No Travel 	Technology	29	CA	White	4	Computer Science	Machine Learning Engineer	Single	105411	0	No	"Sunday, April 1, 2018"	No	4	2	4	2
801	Female	23	Some Travel	Sales	5	IL	White	3	Marketing 	Sales Executive	Married	69678	1	No	"Wednesday, April 4, 2018"	No	4	0	0	2
802	Female	23	Some Travel	Sales	8	NY	Mixed or multiple ethnic groups	4	Economics	Sales Executive	Married	78937	1	No	"Tuesday, April 10, 2018"	No	4	0	3	0
803	Non-Binary	25	Frequent Traveller	Technology	34	NY	Black or African American	1	Computer Science	Engineering Manager	Married	170803	0	No	"Friday, April 20, 2018"	No	4	2	2	3
804	Male	25	Some Travel	Sales	44	CA	White	1	Technical Degree	Sales Representative	Single	37461	0	No	"Monday, April 23, 2018"	No	4	3	4	3
805	Female	39	Frequent Traveller	Technology	25	CA	White	4	Computer Science	Engineering Manager	Single	300594	0	Yes	"Tuesday, April 24, 2018"	No	4	1	4	2
806	Female	25	Some Travel	Sales	28	CA	White	4	Marketing	Sales Executive	Single	167051	0	No	"Tuesday, April 24, 2018"	No	4	3	4	1
807	Female	23	Some Travel	Technology	5	NY	White	3	Information Systems	Software Engineer	Divorced	23995	1	No	"Friday, April 27, 2018"	No	4	4	4	0
808	Female	24	Some Travel	Sales	13	CA	Black or African American	3	Economics	Sales Representative	Single	24095	0	No	"Saturday, April 28, 2018"	Yes	2	2	2	1
809	Female	25	Some Travel	Technology	26	NY	White	4	Computer Science	Analytics Manager	Divorced	174400	1	No	"Saturday, April 28, 2018"	No	4	0	2	4
810	Female	25	Some Travel	Human Resources	31	CA	Mixed or multiple ethnic groups	3	Marketing 	HR Executive	Married	48797	2	No	"Saturday, April 28, 2018"	No	4	2	4	4
811	Female	22	Frequent Traveller	Technology	21	CA	Mixed or multiple ethnic groups	1	Information Systems	Data Scientist	Married	34193	0	No	"Sunday, April 29, 2018"	No	4	2	4	3
812	Female	25	Some Travel	Technology	1	IL	Native Hawaiian 	1	Information Systems	Software Engineer	Married	48570	1	Yes	"Thursday, May 3, 2018"	No	4	4	4	1
813	Male	28	No Travel 	Technology	24	NY	White	4	Computer Science	Machine Learning Engineer	Divorced	193347	2	Yes	"Wednesday, May 9, 2018"	No	4	4	4	0
814	Female	25	Some Travel	Sales	30	CA	Mixed or multiple ethnic groups	4	Marketing	Sales Executive	Divorced	57742	2	Yes	"Thursday, May 10, 2018"	No	4	3	4	1
815	Male	25	Some Travel	Technology	25	CA	White	3	Other	Analytics Manager	Divorced	303446	1	No	"Friday, May 11, 2018"	No	4	0	3	0
816	Female	25	No Travel 	Technology	11	CA	Black or African American	3	Computer Science	Data Scientist	Single	96779	0	No	"Monday, May 14, 2018"	No	4	0	0	3
817	Female	25	Some Travel	Sales	22	NY	American Indian or Alaska Native	1	Marketing	Sales Representative	Single	32894	0	No	"Monday, May 14, 2018"	Yes	2	2	2	1
818	Male	25	Some Travel	Sales	29	CA	White	4	Marketing	Sales Executive	Married	95643	1	No	"Monday, May 14, 2018"	No	4	0	3	1
819	Non-Binary	24	Some Travel	Technology	7	CA	Black or African American	4	Computer Science	Senior Software Engineer	Married	44256	2	No	"Friday, May 18, 2018"	No	4	2	4	3
820	Female	22	Some Travel	Technology	36	CA	White	3	Other	Data Scientist	Divorced	57686	2	No	"Wednesday, May 23, 2018"	No	4	2	4	1
821	Female	22	Frequent Traveller	Sales	26	CA	White	2	Economics	Sales Representative	Married	42250	2	Yes	"Wednesday, May 23, 2018"	Yes	4	1	3	2
822	Non-Binary	23	Some Travel	Human Resources	45	CA	White	3	Marketing 	HR Executive	Married	99052	2	No	"Friday, May 25, 2018"	No	4	3	4	2
823	Male	22	Some Travel	Technology	37	IL	Asian or Asian American	2	Information Systems	Senior Software Engineer	Divorced	52314	2	No	"Friday, May 25, 2018"	No	4	0	3	0
824	Female	36	No Travel 	Technology	35	IL	White	1	Information Systems	Senior Software Engineer	Divorced	356378	1	Yes	"Wednesday, May 30, 2018"	No	4	2	4	4
825	Female	24	Some Travel	Sales	43	CA	White	2	Economics	Sales Executive	Divorced	54841	3	Yes	"Thursday, May 31, 2018"	No	4	3	4	0
826	Female	24	Some Travel	Technology	17	NY	Mixed or multiple ethnic groups	3	Information Systems	Data Scientist	Married	101408	3	No	"Thursday, May 31, 2018"	No	4	0	2	1
827	Male	23	Frequent Traveller	Sales	26	CA	Asian or Asian American	4	Marketing	Sales Executive	Single	68046	0	No	"Friday, June 1, 2018"	No	4	4	4	2
828	Male	24	No Travel 	Sales	3	NY	White	3	Economics	Sales Executive	Single	128634	0	No	"Monday, June 11, 2018"	No	4	4	4	4
829	Female	24	Some Travel	Technology	12	CA	White	4	Information Systems	Software Engineer	Married	22965	3	No	"Tuesday, June 12, 2018"	No	4	4	4	4
830	Male	22	Some Travel	Sales	32	NY	Mixed or multiple ethnic groups	3	Marketing 	Sales Executive	Married	52318	1	No	"Thursday, June 14, 2018"	No	4	4	4	0
831	Male	46	Some Travel	Technology	39	CA	Mixed or multiple ethnic groups	3	Computer Science	Analytics Manager	Single	381759	0	No	"Friday, June 15, 2018"	No	4	2	4	4
832	Male	24	No Travel 	Technology	35	CA	Asian or Asian American	3	Information Systems	Software Engineer	Divorced	65838	3	Yes	"Sunday, June 17, 2018"	No	4	2	2	2
833	Non-Binary	25	Some Travel	Technology	8	CA	American Indian or Alaska Native	3	Information Systems	Senior Software Engineer	Single	126055	0	No	"Sunday, June 17, 2018"	No	4	4	4	2
834	Female	25	Some Travel	Human Resources	14	CA	Other 	1	Human Resources	Recruiter	Married	22150	1	No	"Monday, June 25, 2018"	Yes	2	0	1	1
835	Male	36	Some Travel	Technology	11	NY	Asian or Asian American	3	Computer Science	Machine Learning Engineer	Married	236739	2	No	"Tuesday, June 26, 2018"	No	4	3	4	3
836	Female	24	Some Travel	Sales	16	CA	White	4	Marketing 	Sales Executive	Divorced	75250	1	No	"Friday, June 29, 2018"	No	4	0	0	0
837	Prefer Not To Say	25	No Travel 	Technology	19	NY	Asian or Asian American	2	Information Systems	Machine Learning Engineer	Divorced	83894	1	No	"Saturday, June 30, 2018"	No	4	2	2	3
838	Female	23	No Travel 	Technology	24	NY	Mixed or multiple ethnic groups	4	Computer Science	Senior Software Engineer	Divorced	69325	1	No	"Wednesday, July 4, 2018"	No	4	3	4	4
839	Male	47	Some Travel	Sales	26	CA	Mixed or multiple ethnic groups	4	Marketing	Sales Executive	Divorced	244765	2	Yes	"Wednesday, July 4, 2018"	No	4	2	3	1
840	Male	24	No Travel 	Sales	6	CA	Black or African American	3	Economics	Manager	Divorced	135407	1	No	"Thursday, July 5, 2018"	No	4	2	4	2
841	Female	25	Some Travel	Technology	28	CA	White	4	Computer Science	Senior Software Engineer	Single	70737	0	No	"Friday, July 6, 2018"	No	4	3	3	3
842	Non-Binary	28	Some Travel	Technology	15	CA	Native Hawaiian 	4	Computer Science	Engineering Manager	Single	337046	0	No	"Sunday, July 8, 2018"	No	4	3	4	0
843	Male	25	Some Travel	Sales	11	CA	Black or African American	3	Marketing 	Sales Executive	Single	58914	0	No	"Wednesday, July 11, 2018"	No	4	0	1	0
844	Female	25	Some Travel	Technology	23	CA	Mixed or multiple ethnic groups	1	Information Systems	Software Engineer	Single	42656	0	No	"Sunday, July 15, 2018"	No	4	1	4	2
845	Male	22	Some Travel	Technology	23	CA	Mixed or multiple ethnic groups	3	Computer Science	Data Scientist	Single	37021	0	No	"Sunday, July 15, 2018"	Yes	3	0	1	2
846	Male	22	Some Travel	Technology	3	CA	Other 	3	Computer Science	Data Scientist	Single	34753	0	Yes	"Wednesday, July 18, 2018"	Yes	1	0	0	0
847	Female	25	Some Travel	Technology	37	NY	Mixed or multiple ethnic groups	2	Information Systems	Engineering Manager	Married	188516	1	No	"Friday, July 20, 2018"	No	4	1	3	1
848	Non-Binary	40	Some Travel	Technology	40	CA	White	4	Computer Science	Machine Learning Engineer	Divorced	265523	1	No	"Friday, July 20, 2018"	No	4	1	3	1
849	Male	24	Frequent Traveller	Sales	44	NY	Black or African American	3	Marketing	Sales Executive	Married	41741	1	No	"Friday, July 20, 2018"	No	4	0	1	0
850	Female	24	Some Travel	Sales	33	CA	Native Hawaiian 	3	Marketing 	Sales Executive	Single	91915	0	No	"Monday, July 23, 2018"	No	4	0	4	4
851	Male	22	Frequent Traveller	Sales	33	NY	White	3	Marketing	Sales Representative	Married	33657	1	No	"Monday, July 23, 2018"	Yes	3	0	2	0
852	Female	25	Some Travel	Technology	10	CA	Mixed or multiple ethnic groups	3	Information Systems	Data Scientist	Single	23198	0	No	"Thursday, July 26, 2018"	No	4	0	3	0
853	Male	24	Frequent Traveller	Technology	14	CA	Mixed or multiple ethnic groups	4	Computer Science	Data Scientist	Divorced	67538	1	No	"Saturday, July 28, 2018"	No	4	3	4	2
854	Male	24	Some Travel	Technology	1	CA	White	3	Other	Software Engineer	Single	54501	0	No	"Wednesday, August 1, 2018"	No	4	4	4	2
855	Female	24	Some Travel	Sales	8	CA	White	4	Marketing	Sales Representative	Married	50513	1	No	"Saturday, August 4, 2018"	No	4	0	4	1
856	Male	22	Some Travel	Technology	8	NY	White	1	Information Systems	Data Scientist	Divorced	54371	3	No	"Monday, August 6, 2018"	No	4	4	4	2
857	Male	24	Frequent Traveller	Sales	23	CA	Asian or Asian American	2	Economics	Sales Representative	Single	38448	0	Yes	"Thursday, August 9, 2018"	Yes	4	3	3	2
858	Female	36	Some Travel	Technology	14	CA	American Indian or Alaska Native	3	Business Studies	Machine Learning Engineer	Married	251681	1	No	"Sunday, August 12, 2018"	No	4	2	3	3
859	Female	24	Some Travel	Technology	11	CA	White	3	Computer Science	Senior Software Engineer	Married	65486	1	No	"Tuesday, August 14, 2018"	No	4	4	4	0
860	Female	24	Some Travel	Technology	4	CA	Black or African American	3	Business Studies	Data Scientist	Married	41555	1	No	"Thursday, August 16, 2018"	No	4	4	4	2
861	Non-Binary	24	Some Travel	Technology	1	CA	White	3	Business Studies	Software Engineer	Divorced	35199	1	No	"Thursday, August 16, 2018"	No	4	0	0	1
862	Male	24	Some Travel	Sales	16	CA	Mixed or multiple ethnic groups	3	Marketing	Sales Executive	Single	116132	0	No	"Monday, August 20, 2018"	No	4	1	4	1
863	Female	24	Some Travel	Technology	13	NY	White	4	Computer Science	Data Scientist	Single	30117	0	No	"Tuesday, August 21, 2018"	Yes	3	1	1	2
864	Female	44	Frequent Traveller	Technology	29	CA	Mixed or multiple ethnic groups	1	Computer Science	Machine Learning Engineer	Married	303779	1	No	"Friday, August 24, 2018"	No	4	0	0	0
865	Female	24	Some Travel	Technology	18	CA	Mixed or multiple ethnic groups	4	Computer Science	Data Scientist	Divorced	28539	2	No	"Sunday, September 2, 2018"	No	4	1	2	1
866	Female	23	Some Travel	Sales	40	IL	White	4	Marketing 	Sales Executive	Married	52039	0	Yes	"Monday, September 3, 2018"	No	4	1	1	0
867	Female	24	No Travel 	Human Resources	5	NY	Asian or Asian American	3	Human Resources	HR Executive	Divorced	41745	3	No	"Monday, September 3, 2018"	No	4	2	4	0
868	Non-Binary	41	No Travel 	Technology	26	CA	White	4	Computer Science	Analytics Manager	Married	283081	1	Yes	"Monday, September 3, 2018"	Yes	4	1	3	2
869	Male	25	Some Travel	Technology	24	NY	Black or African American	2	Business Studies	Senior Software Engineer	Single	175342	0	Yes	"Tuesday, September 4, 2018"	No	4	3	4	3
870	Female	22	No Travel 	Technology	6	CA	White	2	Information Systems	Data Scientist	Divorced	38169	3	No	"Tuesday, September 11, 2018"	No	4	4	4	4
871	Female	25	Some Travel	Sales	11	IL	Black or African American	3	Marketing	Sales Executive	Single	53930	0	Yes	"Thursday, September 13, 2018"	Yes	3	2	3	1
872	Male	25	Some Travel	Sales	12	IL	Asian or Asian American	3	Marketing 	Sales Executive	Divorced	118048	2	No	"Friday, September 14, 2018"	No	4	4	4	3
873	Female	22	Some Travel	Technology	45	NY	Asian or Asian American	3	Information Systems	Senior Software Engineer	Divorced	80975	3	No	"Saturday, September 15, 2018"	No	4	4	4	1
874	Non-Binary	24	Some Travel	Sales	22	CA	Mixed or multiple ethnic groups	3	Marketing	Sales Executive	Married	53530	0	Yes	"Wednesday, September 19, 2018"	No	4	3	3	1
875	Female	25	Some Travel	Technology	40	NY	White	3	Business Studies	Machine Learning Engineer	Married	75250	1	No	"Thursday, September 20, 2018"	No	4	1	4	0
876	Male	23	Some Travel	Technology	25	CA	Mixed or multiple ethnic groups	3	Business Studies	Data Scientist	Single	37121	0	Yes	"Tuesday, October 2, 2018"	Yes	1	0	0	0
877	Female	24	Some Travel	Sales	43	CA	Asian or Asian American	4	Economics	Sales Executive	Married	144335	0	No	"Thursday, October 11, 2018"	Yes	0	0	0	0
878	Female	23	Some Travel	Sales	12	NY	Black or African American	4	Marketing	Sales Executive	Single	45024	0	No	"Wednesday, October 17, 2018"	No	4	0	1	0
879	Female	23	Some Travel	Technology	4	IL	White	3	Business Studies	Machine Learning Engineer	Divorced	106418	1	Yes	"Saturday, October 20, 2018"	No	4	0	3	0
880	Male	41	Some Travel	Technology	7	NY	Asian or Asian American	4	Information Systems	Engineering Manager	Divorced	273211	2	No	"Saturday, October 20, 2018"	No	4	3	4	3
881	Male	23	Some Travel	Technology	8	CA	White	2	Information Systems	Machine Learning Engineer	Married	46850	1	No	"Saturday, October 20, 2018"	No	4	3	4	2
882	Male	23	Some Travel	Technology	5	CA	White	2	Other	Machine Learning Engineer	Divorced	77420	2	No	"Wednesday, October 24, 2018"	No	4	4	4	3
883	Male	25	No Travel 	Technology	44	CA	American Indian or Alaska Native	4	Information Systems	Machine Learning Engineer	Married	57765	0	No	"Thursday, October 25, 2018"	No	4	1	3	2
884	Female	22	Frequent Traveller	Sales	19	NY	Mixed or multiple ethnic groups	3	Marketing 	Sales Representative	Single	22122	0	Yes	"Friday, October 26, 2018"	Yes	3	2	2	1
885	Female	40	Some Travel	Technology	29	CA	White	3	Computer Science	Engineering Manager	Married	304343	1	Yes	"Saturday, October 27, 2018"	No	4	2	4	0
886	Female	25	Some Travel	Technology	24	NY	Mixed or multiple ethnic groups	4	Other	Software Engineer	Single	41243	0	Yes	"Wednesday, October 31, 2018"	No	4	3	4	4
887	Non-Binary	25	Frequent Traveller	Sales	43	CA	White	4	Marketing	Sales Executive	Married	81889	0	Yes	"Friday, November 2, 2018"	Yes	0	0	0	0
888	Male	38	Frequent Traveller	Technology	23	CA	American Indian or Alaska Native	4	Computer Science	Machine Learning Engineer	Single	231699	0	No	"Tuesday, November 6, 2018"	Yes	1	0	0	0
889	Male	25	Some Travel	Technology	14	IL	Black or African American	2	Computer Science	Software Engineer	Single	40079	0	Yes	"Monday, November 12, 2018"	No	4	3	4	1
890	Female	23	Some Travel	Technology	23	CA	White	3	Computer Science	Software Engineer	Single	40438	0	Yes	"Tuesday, November 20, 2018"	No	4	0	0	2
891	Male	24	Frequent Traveller	Technology	36	CA	White	3	Computer Science	Software Engineer	Divorced	30233	3	No	"Tuesday, November 20, 2018"	No	4	0	4	0
892	Female	24	Frequent Traveller	Sales	9	CA	American Indian or Alaska Native	1	Marketing 	Sales Executive	Married	125759	0	No	"Wednesday, November 21, 2018"	No	4	3	3	0
893	Female	23	Some Travel	Technology	16	CA	White	2	Information Systems	Machine Learning Engineer	Married	56946	1	No	"Thursday, November 22, 2018"	No	4	2	4	4
894	Female	25	Some Travel	Technology	20	NY	Mixed or multiple ethnic groups	3	Computer Science	Machine Learning Engineer	Married	65642	1	No	"Sunday, November 25, 2018"	No	4	4	4	0
895	Female	25	Frequent Traveller	Sales	3	IL	Mixed or multiple ethnic groups	4	Other	Sales Executive	Single	56163	0	Yes	"Monday, November 26, 2018"	Yes	0	0	0	0
896	Male	24	Some Travel	Technology	11	CA	White	3	Computer Science	Senior Software Engineer	Single	57054	0	No	"Wednesday, November 28, 2018"	No	4	4	4	4
897	Non-Binary	22	Some Travel	Technology	6	NY	White	3	Business Studies	Software Engineer	Married	21649	1	No	"Sunday, December 2, 2018"	No	4	1	4	1
898	Female	22	Frequent Traveller	Technology	29	CA	Mixed or multiple ethnic groups	2	Computer Science	Data Scientist	Single	45850	0	No	"Saturday, December 8, 2018"	No	4	2	3	1
899	Male	46	Some Travel	Sales	38	IL	White	3	Marketing	Sales Executive	Married	325452	1	No	"Sunday, December 16, 2018"	No	4	3	4	3
900	Female	22	Some Travel	Technology	4	CA	White	2	Computer Science	Senior Software Engineer	Single	73653	0	No	"Wednesday, December 19, 2018"	No	4	2	3	3
901	Male	44	Some Travel	Sales	44	CA	Mixed or multiple ethnic groups	3	Marketing	Manager	Divorced	313891	1	No	"Sunday, December 23, 2018"	No	4	4	4	3
902	Female	22	Some Travel	Technology	41	CA	Black or African American	5	Information Systems	Machine Learning Engineer	Single	75810	0	No	"Monday, December 24, 2018"	No	4	2	4	3
903	Male	24	Some Travel	Technology	19	CA	White	2	Computer Science	Data Scientist	Single	32173	0	No	"Monday, December 24, 2018"	No	4	1	4	1
904	Female	23	Some Travel	Technology	31	CA	Asian or Asian American	3	Computer Science	Data Scientist	Single	49543	0	No	"Friday, December 28, 2018"	No	4	3	3	1
905	Female	25	Frequent Traveller	Technology	4	CA	Asian or Asian American	5	Information Systems	Engineering Manager	Married	199034	0	Yes	"Sunday, December 30, 2018"	No	4	4	4	4
906	Male	22	Some Travel	Technology	10	CA	Black or African American	3	Computer Science	Senior Software Engineer	Married	66552	1	Yes	"Sunday, December 30, 2018"	No	4	1	2	0
907	Male	24	Frequent Traveller	Sales	3	CA	White	4	Marketing	Sales Executive	Single	70546	0	Yes	"Tuesday, January 1, 2019"	No	3	2	2	0
908	Non-Binary	42	Some Travel	Technology	33	CA	Asian or Asian American	4	Computer Science	Engineering Manager	Married	213191	2	No	"Thursday, January 3, 2019"	No	3	0	1	2
909	Non-Binary	21	Frequent Traveller	Technology	29	IL	Asian or Asian American	3	Computer Science	Data Scientist	Divorced	64887	1	No	"Thursday, January 3, 2019"	No	3	3	3	0
910	Female	42	Some Travel	Sales	20	CA	Black or African American	4	Marketing 	Sales Executive	Married	241646	3	Yes	"Monday, January 7, 2019"	No	3	0	1	3
911	Female	22	Some Travel	Technology	31	IL	Asian or Asian American	1	Computer Science	Software Engineer	Divorced	43588	2	No	"Monday, January 7, 2019"	No	3	2	3	2
912	Female	22	Some Travel	Technology	29	CA	White	3	Information Systems	Data Scientist	Divorced	28790	1	No	"Wednesday, January 9, 2019"	Yes	3	1	1	2
913	Female	22	Some Travel	Technology	26	CA	Mixed or multiple ethnic groups	3	Information Systems	Software Engineer	Single	24208	0	No	"Wednesday, January 9, 2019"	No	3	1	3	2
914	Male	24	Some Travel	Technology	16	CA	American Indian or Alaska Native	4	Computer Science	Senior Software Engineer	Married	82174	2	No	"Friday, January 11, 2019"	No	3	2	2	3
915	Non-Binary	22	Frequent Traveller	Sales	28	NY	Mixed or multiple ethnic groups	4	Marketing 	Sales Executive	Married	39845	2	No	"Sunday, January 13, 2019"	Yes	1	0	0	0
916	Female	21	No Travel 	Sales	21	CA	White	3	Marketing 	Sales Executive	Married	69402	1	No	"Monday, January 14, 2019"	No	3	1	3	0
917	Female	47	Frequent Traveller	Technology	37	NY	Black or African American	3	Computer Science	Analytics Manager	Divorced	350101	1	No	"Saturday, January 19, 2019"	No	3	0	1	0
918	Female	24	Some Travel	Technology	20	NY	Black or African American	3	Information Systems	Senior Software Engineer	Married	52850	1	No	"Sunday, January 20, 2019"	No	3	3	3	0
919	Male	21	Frequent Traveller	Technology	36	CA	American Indian or Alaska Native	3	Computer Science	Software Engineer	Divorced	22462	1	Yes	"Thursday, January 24, 2019"	No	3	2	2	3
920	Male	22	Frequent Traveller	Technology	15	NY	American Indian or Alaska Native	4	Computer Science	Software Engineer	Single	40115	0	No	"Friday, February 1, 2019"	No	3	3	3	0
921	Male	22	No Travel 	Sales	17	CA	Mixed or multiple ethnic groups	3	Marketing 	Sales Executive	Married	58270	1	No	"Saturday, February 2, 2019"	No	3	1	1	1
922	Male	22	No Travel 	Sales	14	CA	Mixed or multiple ethnic groups	3	Technical Degree	Sales Executive	Single	53014	0	Yes	"Monday, February 4, 2019"	No	3	3	3	0
923	Male	24	Frequent Traveller	Sales	9	NY	Black or African American	3	Marketing 	Sales Executive	Single	45410	0	No	"Monday, February 4, 2019"	No	3	3	3	1
924	Female	21	Some Travel	Technology	39	CA	Asian or Asian American	4	Computer Science	Software Engineer	Married	54130	3	Yes	"Wednesday, February 6, 2019"	Yes	2	1	1	2
925	Female	22	Some Travel	Technology	2	CA	Mixed or multiple ethnic groups	1	Information Systems	Software Engineer	Single	24422	0	No	"Monday, February 11, 2019"	Yes	1	0	0	1
926	Male	49	Frequent Traveller	Technology	43	NY	Other 	2	Computer Science	Machine Learning Engineer	Divorced	248115	2	No	"Tuesday, February 12, 2019"	No	3	2	3	3
927	Female	28	No Travel 	Human Resources	4	IL	White	5	Economics	HR Executive	Married	152909	1	No	"Friday, February 15, 2019"	No	3	1	3	2
928	Female	22	Some Travel	Technology	31	CA	Black or African American	4	Information Systems	Software Engineer	Married	75738	3	Yes	"Saturday, February 23, 2019"	Yes	3	1	2	0
929	Male	29	Some Travel	Sales	39	NY	White	1	Marketing	Sales Executive	Divorced	183768	1	Yes	"Monday, February 25, 2019"	No	3	3	3	0
930	Male	23	Some Travel	Technology	27	CA	Mixed or multiple ethnic groups	4	Information Systems	Machine Learning Engineer	Divorced	47046	2	Yes	"Sunday, March 3, 2019"	No	3	2	2	1
931	Non-Binary	24	Some Travel	Technology	2	CA	Black or African American	1	Information Systems	Data Scientist	Married	28797	3	Yes	"Monday, March 4, 2019"	No	3	0	2	1
932	Male	21	No Travel 	Technology	42	CA	White	3	Computer Science	Data Scientist	Married	57118	3	No	"Tuesday, March 5, 2019"	No	3	1	3	0
933	Male	21	Some Travel	Technology	30	CA	White	3	Computer Science	Software Engineer	Divorced	37164	1	Yes	"Wednesday, March 6, 2019"	No	3	3	3	3
934	Female	24	Some Travel	Technology	34	IL	Mixed or multiple ethnic groups	3	Computer Science	Machine Learning Engineer	Married	78242	1	No	"Thursday, March 7, 2019"	No	3	0	3	2
935	Female	40	Frequent Traveller	Technology	19	CA	Black or African American	3	Information Systems	Analytics Manager	Single	513325	0	No	"Sunday, March 10, 2019"	No	3	0	0	1
936	Non-Binary	23	Some Travel	Technology	7	CA	White	1	Information Systems	Data Scientist	Single	27360	0	No	"Monday, March 11, 2019"	No	3	2	3	3
937	Male	24	Some Travel	Sales	21	CA	Black or African American	4	Marketing	Sales Executive	Married	85118	3	No	"Monday, March 18, 2019"	Yes	0	0	0	0
938	Female	35	Some Travel	Sales	36	CA	Black or African American	4	Marketing	Manager	Single	396470	0	No	"Friday, March 22, 2019"	No	3	3	3	2
939	Non-Binary	23	Frequent Traveller	Technology	26	CA	White	2	Information Systems	Data Scientist	Single	31342	0	No	"Friday, March 22, 2019"	No	3	0	3	0
940	Male	22	Some Travel	Technology	18	NY	White	4	Information Systems	Senior Software Engineer	Married	68743	0	No	"Saturday, March 23, 2019"	No	3	0	3	1
941	Male	22	No Travel 	Technology	13	CA	Mixed or multiple ethnic groups	5	Computer Science	Senior Software Engineer	Married	68629	1	No	"Monday, March 25, 2019"	No	3	1	1	0
942	Female	31	Some Travel	Sales	38	CA	Black or African American	5	Marketing	Manager	Married	330940	1	No	"Thursday, March 28, 2019"	No	3	1	3	3
943	Male	27	Some Travel	Technology	43	CA	White	4	Computer Science	Senior Software Engineer	Single	105702	0	No	"Saturday, March 30, 2019"	No	3	3	3	1
944	Female	24	Some Travel	Technology	17	IL	Mixed or multiple ethnic groups	3	Information Systems	Software Engineer	Married	26937	1	No	"Sunday, March 31, 2019"	No	3	2	2	1
945	Female	36	Some Travel	Sales	20	IL	Mixed or multiple ethnic groups	4	Economics	Sales Executive	Divorced	220472	1	No	"Wednesday, April 3, 2019"	No	3	1	1	0
946	Female	24	Frequent Traveller	Technology	26	CA	Native Hawaiian 	4	Other	Software Engineer	Divorced	35885	2	No	"Wednesday, April 3, 2019"	No	3	1	2	2
947	Female	39	Frequent Traveller	Human Resources	25	CA	Black or African American	3	Economics	HR Business Partner	Married	349233	1	No	"Saturday, April 6, 2019"	No	3	0	2	0
948	Female	35	Frequent Traveller	Technology	28	CA	Mixed or multiple ethnic groups	3	Computer Science	Machine Learning Engineer	Single	222303	0	No	"Monday, April 8, 2019"	No	3	0	2	2
949	Male	31	Some Travel	Technology	19	CA	White	1	Information Systems	Engineering Manager	Single	371727	0	No	"Tuesday, April 9, 2019"	No	3	2	3	2
950	Female	40	Some Travel	Sales	5	NY	White	4	Marketing 	Manager	Married	267834	0	No	"Wednesday, April 10, 2019"	No	3	3	3	0
951	Female	34	Frequent Traveller	Sales	30	CA	Mixed or multiple ethnic groups	2	Marketing 	Manager	Married	311448	2	Yes	"Friday, April 12, 2019"	No	3	1	2	2
952	Male	24	Some Travel	Technology	33	CA	White	3	Computer Science	Machine Learning Engineer	Married	81974	3	No	"Friday, April 12, 2019"	No	3	1	1	1
953	Female	24	No Travel 	Sales	14	CA	Black or African American	3	Marketing 	Sales Executive	Divorced	52975	1	Yes	"Thursday, April 18, 2019"	No	3	1	3	3
954	Male	32	Some Travel	Sales	15	NY	Mixed or multiple ethnic groups	4	Technical Degree	Sales Executive	Married	208435	1	No	"Thursday, April 18, 2019"	No	3	1	2	1
955	Male	23	Some Travel	Technology	30	CA	Mixed or multiple ethnic groups	4	Information Systems	Senior Software Engineer	Single	54171	0	Yes	"Thursday, April 18, 2019"	No	3	2	3	0
956	Female	28	Frequent Traveller	Technology	31	CA	White	1	Other	Senior Software Engineer	Single	176282	0	Yes	"Tuesday, April 23, 2019"	Yes	2	0	1	0
957	Male	23	Some Travel	Technology	30	CA	White	2	Information Systems	Data Scientist	Single	24518	0	No	"Thursday, April 25, 2019"	No	3	2	2	3
958	Male	33	Frequent Traveller	Technology	32	CA	Black or African American	1	Computer Science	Machine Learning Engineer	Married	188180	0	No	"Saturday, April 27, 2019"	No	3	1	3	3
959	Female	22	Some Travel	Technology	21	IL	Black or African American	3	Computer Science	Software Engineer	Single	27097	0	No	"Sunday, April 28, 2019"	No	3	3	3	1
960	Female	29	Some Travel	Sales	8	NY	White	3	Marketing	Sales Executive	Married	163950	1	No	"Tuesday, April 30, 2019"	No	3	3	3	0
961	Male	24	Frequent Traveller	Technology	34	NY	Black or African American	2	Computer Science	Software Engineer	Single	28484	0	Yes	"Wednesday, May 1, 2019"	Yes	1	1	1	1
962	Male	35	Some Travel	Technology	29	CA	Mixed or multiple ethnic groups	3	Information Systems	Engineering Manager	Divorced	519361	1	Yes	"Saturday, May 4, 2019"	No	3	2	3	1
963	Male	22	No Travel 	Technology	25	CA	White	4	Business Studies	Software Engineer	Single	31386	0	No	"Monday, May 13, 2019"	No	3	2	2	1
964	Male	21	Frequent Traveller	Technology	37	CA	American Indian or Alaska Native	4	Other	Software Engineer	Married	32679	1	No	"Tuesday, May 14, 2019"	No	3	3	3	2
965	Non-Binary	35	Some Travel	Technology	19	CA	American Indian or Alaska Native	2	Information Systems	Senior Software Engineer	Married	187372	0	Yes	"Thursday, May 16, 2019"	No	3	1	1	2
966	Female	21	Some Travel	Technology	44	NY	Black or African American	4	Computer Science	Software Engineer	Married	46366	1	No	"Thursday, May 16, 2019"	No	3	0	3	0
967	Male	21	Some Travel	Sales	21	IL	Black or African American	4	Marketing 	Sales Representative	Married	33641	2	No	"Monday, May 20, 2019"	No	3	0	3	1
968	Male	24	No Travel 	Technology	42	CA	White	4	Computer Science	Senior Software Engineer	Married	58717	1	No	"Monday, May 20, 2019"	No	3	0	2	1
969	Female	21	Some Travel	Technology	8	CA	American Indian or Alaska Native	3	Business Studies	Data Scientist	Single	36534	0	No	"Friday, May 24, 2019"	Yes	0	0	0	0
970	Female	41	Some Travel	Technology	22	CA	White	3	Computer Science	Machine Learning Engineer	Single	235812	0	No	"Monday, May 27, 2019"	No	3	1	2	2
971	Female	24	Some Travel	Sales	16	CA	White	3	Economics	Sales Representative	Single	25102	0	No	"Wednesday, June 5, 2019"	Yes	1	0	0	0
972	Male	21	Some Travel	Technology	43	CA	White	2	Computer Science	Machine Learning Engineer	Single	71698	0	No	"Wednesday, June 5, 2019"	No	3	0	3	3
973	Male	35	Some Travel	Technology	8	CA	Black or African American	4	Computer Science	Analytics Manager	Married	405965	1	No	"Friday, June 7, 2019"	No	3	1	2	0
974	Female	24	No Travel 	Technology	25	CA	White	2	Computer Science	Data Scientist	Married	40342	1	Yes	"Saturday, June 8, 2019"	No	3	2	3	1
975	Female	24	Some Travel	Technology	45	CA	Asian or Asian American	3	Information Systems	Software Engineer	Married	30390	1	No	"Friday, June 14, 2019"	No	3	0	2	2
976	Female	24	No Travel 	Sales	10	CA	Mixed or multiple ethnic groups	4	Marketing	Sales Executive	Married	65432	0	No	"Saturday, June 15, 2019"	No	3	1	2	0
977	Male	21	Some Travel	Technology	35	IL	Black or African American	3	Computer Science	Data Scientist	Divorced	51682	1	No	"Saturday, June 15, 2019"	No	3	1	3	0
978	Male	21	Some Travel	Technology	18	CA	Asian or Asian American	2	Computer Science	Software Engineer	Married	29558	1	Yes	"Monday, June 17, 2019"	No	3	2	3	2
979	Male	22	Some Travel	Technology	8	CA	Black or African American	3	Computer Science	Software Engineer	Single	26158	0	No	"Tuesday, June 18, 2019"	No	3	0	3	1
980	Non-Binary	21	Some Travel	Technology	41	CA	Black or African American	3	Computer Science	Data Scientist	Single	29793	0	Yes	"Saturday, June 22, 2019"	Yes	3	0	0	2
981	Female	21	Some Travel	Technology	4	NY	White	3	Business Studies	Software Engineer	Single	67900	0	No	"Monday, June 24, 2019"	No	3	3	3	2
982	Male	21	Some Travel	Technology	40	CA	White	3	Business Studies	Data Scientist	Married	58274	1	No	"Thursday, June 27, 2019"	No	3	3	3	3
983	Female	41	Some Travel	Technology	18	CA	Mixed or multiple ethnic groups	4	Information Systems	Senior Software Engineer	Married	268964	1	No	"Monday, July 1, 2019"	Yes	3	1	1	0
984	Male	22	Some Travel	Sales	29	IL	Mixed or multiple ethnic groups	2	Economics	Sales Executive	Divorced	58992	1	Yes	"Tuesday, July 2, 2019"	No	3	3	3	2
985	Non-Binary	22	No Travel 	Technology	32	NY	White	2	Computer Science	Software Engineer	Single	38358	0	No	"Friday, July 5, 2019"	No	3	2	2	3
986	Non-Binary	33	Some Travel	Technology	44	CA	White	3	Information Systems	Analytics Manager	Single	230945	0	No	"Tuesday, July 9, 2019"	No	3	0	2	0
987	Female	23	Some Travel	Technology	33	CA	Mixed or multiple ethnic groups	2	Information Systems	Machine Learning Engineer	Divorced	77798	3	No	"Friday, July 12, 2019"	No	3	2	3	0
988	Male	24	Some Travel	Technology	2	NY	Mixed or multiple ethnic groups	2	Business Studies	Software Engineer	Divorced	32313	2	No	"Sunday, July 14, 2019"	No	3	1	1	2
989	Female	21	No Travel 	Technology	22	NY	Black or African American	2	Other	Software Engineer	Married	25208	0	Yes	"Friday, July 19, 2019"	No	3	0	0	1
990	Female	24	Frequent Traveller	Technology	30	NY	White	4	Information Systems	Senior Software Engineer	Married	66110	2	Yes	"Wednesday, July 24, 2019"	No	3	2	2	0
991	Male	23	Frequent Traveller	Technology	34	NY	American Indian or Alaska Native	3	Computer Science	Software Engineer	Married	43009	0	No	"Wednesday, July 24, 2019"	No	3	2	2	1
992	Male	24	Some Travel	Sales	16	CA	Asian or Asian American	2	Marketing	Sales Representative	Single	29128	0	Yes	"Wednesday, July 31, 2019"	Yes	0	0	0	0
993	Non-Binary	22	Some Travel	Technology	10	NY	Asian or Asian American	4	Computer Science	Data Scientist	Married	28953	1	No	"Thursday, August 1, 2019"	No	3	1	1	1
994	Male	31	Some Travel	Technology	25	CA	Black or African American	3	Business Studies	Machine Learning Engineer	Single	157676	0	No	"Wednesday, August 7, 2019"	No	3	0	2	1
995	Female	45	Frequent Traveller	Technology	4	CA	Native Hawaiian 	3	Information Systems	Engineering Manager	Divorced	393420	1	No	"Sunday, August 11, 2019"	No	3	1	1	1
996	Male	24	No Travel 	Technology	18	NY	Mixed or multiple ethnic groups	3	Computer Science	Data Scientist	Divorced	104807	1	No	"Sunday, August 11, 2019"	No	3	0	0	1
997	Female	23	Some Travel	Technology	25	CA	Asian or Asian American	2	Other	Data Scientist	Divorced	25425	1	No	"Tuesday, August 13, 2019"	No	3	1	3	2
998	Male	21	Frequent Traveller	Human Resources	42	CA	Black or African American	4	Other	HR Executive	Married	42303	1	Yes	"Tuesday, August 13, 2019"	No	3	2	2	2
999	Female	46	Some Travel	Sales	8	CA	Mixed or multiple ethnic groups	3	Marketing 	Sales Executive	Married	249505	3	Yes	"Wednesday, August 14, 2019"	No	3	2	2	1
1000	Female	23	Some Travel	Technology	1	CA	White	1	Information Systems	Machine Learning Engineer	Divorced	62324	2	No	"Wednesday, August 14, 2019"	No	3	1	3	3
1001	Male	24	Some Travel	Technology	36	IL	Black or African American	3	Information Systems	Machine Learning Engineer	Single	93015	0	Yes	"Wednesday, August 14, 2019"	No	3	0	2	2
1002	Male	24	Frequent Traveller	Technology	44	CA	White	4	Computer Science	Software Engineer	Divorced	61230	1	No	"Saturday, August 17, 2019"	No	3	2	3	3
1003	Female	23	Some Travel	Technology	20	NY	White	3	Information Systems	Software Engineer	Divorced	85006	2	No	"Sunday, August 18, 2019"	No	3	2	3	0
1004	Female	23	Frequent Traveller	Technology	28	CA	White	2	Computer Science	Data Scientist	Single	57133	0	No	"Friday, August 23, 2019"	Yes	3	0	0	1
1005	Male	24	Some Travel	Sales	9	CA	White	4	Marketing	Sales Executive	Divorced	110542	1	No	"Friday, August 23, 2019"	No	3	3	3	2
1006	Female	21	Some Travel	Technology	2	CA	White	2	Other	Data Scientist	Single	31254	0	No	"Sunday, August 25, 2019"	No	3	0	1	1
1007	Male	50	Frequent Traveller	Technology	43	CA	White	3	Information Systems	Engineering Manager	Divorced	339245	2	No	"Monday, August 26, 2019"	No	3	0	0	1
1008	Male	23	Some Travel	Technology	35	IL	White	3	Computer Science	Data Scientist	Single	28704	0	No	"Wednesday, August 28, 2019"	No	3	3	3	1
1009	Female	21	Frequent Traveller	Technology	7	CA	White	3	Computer Science	Machine Learning Engineer	Single	76518	0	No	"Saturday, August 31, 2019"	No	3	1	2	1
1010	Female	21	No Travel 	Sales	25	CA	White	3	Marketing	Sales Executive	Married	69078	1	No	"Sunday, September 8, 2019"	No	3	3	3	3
1011	Male	21	Some Travel	Technology	30	CA	White	1	Computer Science	Software Engineer	Married	31624	0	No	"Sunday, September 8, 2019"	No	3	3	3	2
1012	Female	22	Some Travel	Technology	14	CA	White	2	Computer Science	Data Scientist	Married	28989	1	No	"Monday, September 9, 2019"	No	3	2	2	3
1013	Male	23	Some Travel	Technology	26	NY	White	2	Computer Science	Data Scientist	Divorced	31426	1	No	"Thursday, September 12, 2019"	No	3	1	2	0
1014	Female	21	Some Travel	Sales	11	NY	White	1	Economics	Sales Representative	Married	42066	1	No	"Friday, September 13, 2019"	No	3	3	3	1
1015	Female	24	Some Travel	Sales	34	CA	White	1	Economics	Sales Executive	Single	107634	0	No	"Sunday, September 15, 2019"	No	3	2	2	2
1016	Male	22	No Travel 	Sales	41	CA	White	1	Marketing 	Sales Representative	Single	27961	0	No	"Sunday, September 15, 2019"	No	3	0	1	0
1017	Male	23	Some Travel	Technology	37	CA	White	4	Business Studies	Senior Software Engineer	Single	57603	0	No	"Wednesday, September 18, 2019"	No	3	0	1	1
1018	Male	24	No Travel 	Technology	21	NY	White	3	Information Systems	Software Engineer	Single	26451	0	No	"Monday, September 23, 2019"	No	3	1	1	3
1019	Female	24	Some Travel	Technology	20	CA	White	1	Computer Science	Software Engineer	Divorced	32930	2	Yes	"Tuesday, September 24, 2019"	No	3	3	3	0
1020	Male	24	Some Travel	Technology	9	CA	White	3	Business Studies	Software Engineer	Married	33443	1	Yes	"Tuesday, September 24, 2019"	No	3	3	3	0
1021	Male	23	Some Travel	Sales	44	NY	White	2	Economics	Sales Executive	Married	100314	3	Yes	"Wednesday, September 25, 2019"	No	3	2	3	3
1022	Non-Binary	23	Some Travel	Technology	20	CA	White	1	Computer Science	Software Engineer	Divorced	45995	1	No	"Friday, September 27, 2019"	No	3	1	1	2
1023	Female	21	Some Travel	Technology	17	NY	White	3	Computer Science	Senior Software Engineer	Single	44940	0	No	"Monday, October 7, 2019"	No	3	3	3	0
1024	Male	21	Some Travel	Technology	7	CA	White	3	Computer Science	Data Scientist	Married	40561	1	No	"Wednesday, October 9, 2019"	No	3	3	3	1
1025	Female	24	Some Travel	Sales	7	NY	White	3	Marketing	Sales Executive	Married	106586	1	No	"Monday, October 14, 2019"	No	3	1	3	3
1026	Female	22	Some Travel	Sales	16	NY	White	3	Marketing	Sales Executive	Married	48432	1	No	"Thursday, October 17, 2019"	No	3	0	0	3
1027	Female	23	Some Travel	Technology	15	CA	White	2	Information Systems	Machine Learning Engineer	Divorced	78275	2	No	"Friday, October 18, 2019"	No	3	0	3	2
1028	Male	22	Some Travel	Technology	32	CA	White	4	Other	Software Engineer	Married	34823	2	No	"Monday, October 21, 2019"	No	3	3	3	3
1029	Female	37	Some Travel	Sales	20	IL	White	3	Economics	Sales Executive	Married	195447	1	Yes	"Tuesday, October 22, 2019"	No	3	3	3	3
1030	Male	22	Some Travel	Technology	26	CA	White	3	Information Systems	Machine Learning Engineer	Married	62509	2	No	"Wednesday, October 23, 2019"	Yes	1	0	0	0
1031	Female	24	Some Travel	Sales	41	NY	White	1	Economics	Sales Executive	Married	73498	0	Yes	"Monday, October 28, 2019"	No	3	2	2	0
1032	Female	48	Some Travel	Technology	9	CA	White	4	Business Studies	Analytics Manager	Divorced	517695	1	No	"Tuesday, October 29, 2019"	No	3	2	2	3
1033	Male	24	Some Travel	Technology	7	NY	White	3	Other	Machine Learning Engineer	Single	121470	0	No	"Thursday, October 31, 2019"	No	3	2	2	3
1034	Female	23	Some Travel	Sales	34	NY	White	2	Economics	Sales Executive	Single	88382	0	No	"Friday, November 1, 2019"	No	3	1	3	1
1035	Male	24	Some Travel	Technology	18	CA	White	3	Information Systems	Software Engineer	Married	29722	1	No	"Wednesday, November 6, 2019"	No	3	1	3	2
1036	Male	22	Frequent Traveller	Technology	45	CA	White	2	Computer Science	Software Engineer	Single	26782	0	Yes	"Friday, November 8, 2019"	Yes	3	0	2	0
1037	Male	25	Some Travel	Sales	33	NY	White	5	Marketing	Sales Executive	Divorced	87347	3	Yes	"Saturday, November 9, 2019"	Yes	2	1	1	0
1038	Female	23	Frequent Traveller	Sales	26	NY	White	1	Marketing	Sales Executive	Married	44646	1	No	"Friday, November 15, 2019"	No	3	1	2	2
1039	Female	24	No Travel 	Sales	30	CA	White	4	Marketing 	Sales Representative	Divorced	28898	2	No	"Friday, November 15, 2019"	No	3	0	1	0
1040	Male	24	No Travel 	Technology	19	NY	White	1	Information Systems	Engineering Manager	Married	115110	2	No	"Tuesday, November 19, 2019"	No	3	3	3	3
1041	Male	23	No Travel 	Sales	10	NY	White	2	Marketing 	Sales Executive	Single	94417	0	No	"Tuesday, December 3, 2019"	No	3	3	3	2
1042	Male	21	Some Travel	Technology	16	CA	White	1	Information Systems	Software Engineer	Single	22515	0	Yes	"Thursday, December 5, 2019"	Yes	1	0	0	0
1043	Male	21	Some Travel	Technology	25	NY	White	4	Computer Science	Data Scientist	Single	34634	0	No	"Wednesday, December 11, 2019"	Yes	1	1	1	1
1044	Female	23	Some Travel	Sales	35	CA	White	3	Economics	Sales Executive	Divorced	45518	1	Yes	"Thursday, December 12, 2019"	No	3	3	3	2
1045	Female	30	Frequent Traveller	Technology	7	NY	White	3	Business Studies	Data Scientist	Married	175692	1	No	"Monday, December 16, 2019"	No	3	0	3	3
1046	Female	24	Some Travel	Technology	5	CA	White	4	Computer Science	Data Scientist	Single	100576	0	No	"Monday, December 16, 2019"	No	3	0	0	0
1047	Female	23	Some Travel	Technology	32	CA	White	4	Computer Science	Data Scientist	Divorced	47294	3	No	"Wednesday, December 18, 2019"	No	3	0	2	0
1048	Female	22	Some Travel	Technology	40	CA	White	1	Business Studies	Data Scientist	Married	53080	1	Yes	"Tuesday, December 24, 2019"	Yes	2	0	1	0
1049	Female	30	Some Travel	Technology	32	CA	White	3	Information Systems	Senior Software Engineer	Married	158656	1	No	"Wednesday, December 25, 2019"	Yes	2	1	1	2
1050	Non-Binary	24	Some Travel	Sales	33	CA	White	1	Technical Degree	Sales Representative	Divorced	24174	1	No	"Friday, December 27, 2019"	No	3	2	2	1
1051	Male	23	Some Travel	Sales	32	CA	White	3	Economics	Sales Executive	Single	84558	0	No	"Monday, December 30, 2019"	No	3	3	3	2
1052	Female	22	Some Travel	Sales	29	IL	White	1	Economics	Sales Representative	Married	20802	0	No	"Wednesday, January 1, 2020"	No	2	2	2	1
1053	Female	28	Some Travel	Human Resources	14	CA	White	4	Marketing 	HR Executive	Single	149734	0	No	"Thursday, January 2, 2020"	No	2	0	1	1
1054	Male	28	Some Travel	Technology	17	IL	White	3	Information Systems	Senior Software Engineer	Married	101210	1	No	"Friday, January 3, 2020"	No	2	2	2	1
1055	Male	31	Some Travel	Technology	44	CA	White	3	Information Systems	Analytics Manager	Married	531629	1	Yes	"Monday, January 6, 2020"	Yes	1	0	1	1
1056	Male	24	Some Travel	Sales	17	IL	White	2	Marketing 	Sales Representative	Married	63234	1	No	"Wednesday, January 8, 2020"	No	2	1	2	2
1057	Male	24	Some Travel	Technology	17	NY	White	5	Computer Science	Machine Learning Engineer	Divorced	63747	1	No	"Thursday, January 9, 2020"	No	2	1	1	0
1058	Female	38	Some Travel	Technology	10	CA	White	4	Information Systems	Analytics Manager	Divorced	445906	2	Yes	"Monday, January 13, 2020"	No	2	0	1	2
1059	Male	23	Frequent Traveller	Technology	35	CA	White	4	Information Systems	Senior Software Engineer	Single	51906	0	No	"Tuesday, January 14, 2020"	No	2	1	1	1
1060	Male	34	Some Travel	Sales	26	NY	White	4	Marketing 	Sales Executive	Married	215246	1	No	"Wednesday, January 15, 2020"	No	2	0	0	0
1061	Female	28	Some Travel	Technology	38	CA	White	3	Computer Science	Machine Learning Engineer	Divorced	151229	1	No	"Thursday, January 16, 2020"	No	2	0	0	2
1062	Male	23	Some Travel	Technology	37	CA	White	4	Information Systems	Data Scientist	Married	26406	3	No	"Friday, January 17, 2020"	No	2	0	1	0
1063	Non-Binary	22	Some Travel	Sales	5	NY	White	1	Economics	Sales Executive	Single	64689	0	No	"Sunday, January 19, 2020"	Yes	1	1	1	1
1064	Male	20	Some Travel	Technology	23	CA	White	1	Computer Science	Software Engineer	Married	26752	0	Yes	"Tuesday, January 28, 2020"	No	2	0	1	1
1065	Male	23	Frequent Traveller	Technology	10	NY	White	3	Information Systems	Software Engineer	Divorced	44566	0	Yes	"Wednesday, January 29, 2020"	Yes	1	0	0	0
1066	Female	25	Some Travel	Sales	32	NY	White	2	Marketing 	Sales Executive	Married	82357	1	Yes	"Monday, February 3, 2020"	No	2	2	2	2
1067	Male	41	No Travel 	Sales	34	CA	White	3	Marketing 	Sales Executive	Single	326896	0	Yes	"Monday, February 3, 2020"	Yes	2	1	1	1
1068	Female	23	Some Travel	Technology	12	NY	White	3	Computer Science	Data Scientist	Married	27347	1	No	"Friday, February 7, 2020"	No	2	0	0	0
1069	Male	21	Some Travel	Technology	29	NY	White	4	Information Systems	Software Engineer	Divorced	31618	2	No	"Thursday, February 13, 2020"	No	2	0	2	2
1070	Prefer Not To Say	23	Some Travel	Technology	25	IL	White	4	Information Systems	Machine Learning Engineer	Married	57285	0	No	"Thursday, February 13, 2020"	No	2	2	2	0
1071	Female	22	Some Travel	Technology	6	CA	White	2	Information Systems	Senior Software Engineer	Single	70766	0	No	"Saturday, February 15, 2020"	No	2	0	2	1
1072	Female	22	Some Travel	Technology	7	CA	White	1	Computer Science	Software Engineer	Single	28359	0	No	"Sunday, February 23, 2020"	No	2	1	2	1
1073	Male	27	Some Travel	Sales	17	CA	White	5	Marketing	Sales Executive	Married	81294	1	No	"Monday, February 24, 2020"	No	2	2	2	2
1074	Male	43	Frequent Traveller	Sales	21	NY	White	3	Marketing 	Manager	Divorced	327587	1	Yes	"Tuesday, February 25, 2020"	No	2	1	1	1
1075	Male	20	Some Travel	Technology	37	CA	White	4	Computer Science	Data Scientist	Married	35654	2	No	"Thursday, February 27, 2020"	No	2	2	2	1
1076	Male	26	No Travel 	Technology	10	NY	White	2	Computer Science	Software Engineer	Single	62828	0	No	"Friday, February 28, 2020"	No	2	0	2	1
1077	Female	20	Some Travel	Technology	26	NY	White	4	Business Studies	Software Engineer	Single	37094	0	No	"Monday, March 2, 2020"	Yes	1	0	0	0
1078	Non-Binary	21	Some Travel	Technology	37	IL	White	3	Information Systems	Software Engineer	Married	41476	1	Yes	"Tuesday, March 3, 2020"	Yes	0	0	0	0
1079	Female	23	Some Travel	Sales	7	IL	White	4	Marketing	Sales Executive	Married	72622	0	Yes	"Tuesday, March 3, 2020"	No	2	0	2	0
1080	Male	20	Some Travel	Human Resources	8	CA	White	4	Human Resources	Recruiter	Divorced	26186	0	Yes	"Friday, March 6, 2020"	Yes	2	0	0	0
1081	Female	31	Some Travel	Technology	21	CA	White	3	Computer Science	Senior Software Engineer	Divorced	127182	1	No	"Sunday, March 8, 2020"	No	2	0	0	1
1082	Male	40	No Travel 	Technology	31	CA	White	4	Computer Science	Analytics Manager	Divorced	456418	1	No	"Monday, March 9, 2020"	No	2	0	2	2
1083	Female	22	Some Travel	Technology	37	NY	White	3	Computer Science	Data Scientist	Single	30442	0	Yes	"Wednesday, March 11, 2020"	Yes	0	0	0	0
1084	Male	31	No Travel 	Sales	6	NY	White	4	Marketing 	Manager	Single	321244	0	Yes	"Monday, March 16, 2020"	No	2	2	2	0
1085	Male	23	Some Travel	Sales	35	CA	White	1	Marketing 	Sales Executive	Married	97824	1	Yes	"Monday, March 16, 2020"	Yes	1	0	1	0
1086	Male	28	No Travel 	Sales	37	IL	White	4	Marketing	Sales Executive	Single	95591	0	No	"Thursday, March 19, 2020"	No	2	2	2	2
1087	Male	21	Frequent Traveller	Sales	42	NY	White	2	Marketing 	Sales Executive	Single	46750	0	No	"Monday, March 23, 2020"	No	2	0	0	0
1088	Male	40	Frequent Traveller	Technology	1	CA	White	4	Information Systems	Engineering Manager	Divorced	314668	1	No	"Monday, March 23, 2020"	No	2	0	2	2
1089	Female	36	Some Travel	Technology	2	IL	White	2	Computer Science	Engineering Manager	Divorced	247730	1	Yes	"Wednesday, March 25, 2020"	No	2	2	2	0
1090	Female	23	Some Travel	Technology	34	IL	White	2	Computer Science	Software Engineer	Married	29956	0	No	"Wednesday, March 25, 2020"	No	2	1	1	2
1091	Male	20	Some Travel	Sales	39	CA	White	2	Technical Degree	Sales Representative	Married	22558	1	Yes	"Monday, March 30, 2020"	No	2	0	1	1
1092	Male	25	Frequent Traveller	Technology	40	NY	White	4	Business Studies	Senior Software Engineer	Married	67200	3	No	"Sunday, April 5, 2020"	No	2	2	2	2
1093	Female	22	No Travel 	Sales	16	IL	White	1	Marketing 	Sales Representative	Divorced	27053	3	No	"Friday, April 10, 2020"	No	2	0	2	2
1094	Male	20	Some Travel	Technology	25	NY	White	4	Information Systems	Data Scientist	Married	40341	1	Yes	"Saturday, April 18, 2020"	No	2	1	1	2
1095	Male	44	Some Travel	Sales	35	NY	White	3	Marketing 	Sales Executive	Divorced	223619	1	No	"Friday, April 24, 2020"	No	2	0	2	1
1096	Female	40	No Travel 	Sales	9	CA	White	3	Marketing 	Manager	Single	254535	0	No	"Saturday, April 25, 2020"	No	2	2	2	1
1097	Female	36	Frequent Traveller	Technology	2	CA	White	3	Information Systems	Analytics Manager	Divorced	462687	1	No	"Monday, April 27, 2020"	No	2	2	2	0
1098	Male	23	Some Travel	Technology	33	CA	White	1	Computer Science	Data Scientist	Divorced	29490	1	No	"Monday, April 27, 2020"	No	2	0	1	2
1099	Male	39	Frequent Traveller	Technology	42	NY	White	3	Information Systems	Analytics Manager	Married	495977	1	No	"Thursday, April 30, 2020"	No	2	2	2	0
1100	Male	23	Some Travel	Sales	12	IL	White	3	Marketing	Sales Executive	Single	84985	0	No	"Friday, May 1, 2020"	Yes	1	0	0	0
1101	Male	23	Frequent Traveller	Sales	41	NY	White	1	Marketing 	Sales Representative	Single	26508	0	Yes	"Friday, May 1, 2020"	Yes	1	0	0	0
1102	Male	40	Frequent Traveller	Technology	2	NY	White	4	Computer Science	Analytics Manager	Married	260835	2	No	"Thursday, May 14, 2020"	No	2	1	2	0
1103	Non-Binary	22	Some Travel	Technology	30	CA	White	4	Other	Software Engineer	Single	44135	0	No	"Friday, May 15, 2020"	No	2	0	1	1
1104	Female	22	Some Travel	Sales	5	NY	White	2	Economics	Sales Executive	Married	45220	0	No	"Saturday, May 16, 2020"	No	2	0	0	0
1105	Female	32	Some Travel	Sales	38	CA	White	4	Marketing 	Sales Executive	Single	105091	0	No	"Sunday, May 17, 2020"	No	2	0	0	1
1106	Female	48	Frequent Traveller	Technology	15	CA	White	4	Computer Science	Engineering Manager	Married	309371	0	Yes	"Monday, May 18, 2020"	No	2	1	1	1
1107	Female	26	Some Travel	Technology	31	CA	White	2	Information Systems	Software Engineer	Married	56187	1	No	"Tuesday, May 26, 2020"	No	2	2	2	2
1108	Female	50	Some Travel	Sales	23	CA	White	3	Marketing 	Manager	Married	266449	1	Yes	"Wednesday, May 27, 2020"	No	2	1	2	2
1109	Female	21	Some Travel	Technology	1	NY	White	4	Information Systems	Software Engineer	Married	34133	0	Yes	"Saturday, May 30, 2020"	No	2	2	2	1
1110	Female	20	Some Travel	Technology	6	CA	White	1	Computer Science	Software Engineer	Single	30714	0	Yes	"Friday, June 5, 2020"	Yes	2	0	1	1
1111	Male	28	Frequent Traveller	Sales	29	CA	White	3	Marketing 	Sales Executive	Married	327674	3	No	"Friday, June 5, 2020"	No	2	2	2	1
1112	Male	21	Some Travel	Human Resources	41	NY	White	2	Economics	Recruiter	Single	20583	0	No	"Saturday, June 20, 2020"	No	2	0	1	0
1113	Male	21	Some Travel	Technology	4	CA	White	2	Computer Science	Software Engineer	Married	21158	0	Yes	"Friday, June 26, 2020"	No	2	1	1	0
1114	Male	22	Some Travel	Sales	41	CA	White	4	Economics	Sales Representative	Married	22778	1	No	"Saturday, June 27, 2020"	No	2	0	2	2
1115	Female	37	Some Travel	Technology	33	CA	White	1	Information Systems	Senior Software Engineer	Married	236732	1	No	"Tuesday, June 30, 2020"	No	2	2	2	2
1116	Male	35	Some Travel	Sales	30	CA	White	2	Marketing 	Manager	Married	360384	1	No	"Saturday, July 4, 2020"	No	2	2	2	2
1117	Male	23	Some Travel	Technology	42	CA	White	4	Computer Science	Software Engineer	Single	28824	0	Yes	"Saturday, July 4, 2020"	No	2	2	2	1
1118	Male	20	Frequent Traveller	Technology	28	CA	White	3	Information Systems	Software Engineer	Married	29835	3	Yes	"Sunday, July 5, 2020"	No	2	0	0	0
1119	Male	42	Frequent Traveller	Technology	28	NY	White	3	Computer Science	Senior Software Engineer	Married	264513	0	No	"Wednesday, July 8, 2020"	Yes	1	0	0	1
1120	Male	22	Some Travel	Technology	6	IL	White	3	Computer Science	Software Engineer	Divorced	43072	1	Yes	"Thursday, July 9, 2020"	No	2	1	2	1
1121	Male	23	Some Travel	Sales	9	NY	White	2	Marketing 	Sales Representative	Married	33750	1	No	"Friday, July 10, 2020"	No	2	0	2	0
1122	Male	23	Some Travel	Sales	1	CA	White	2	Other	Sales Executive	Married	65489	1	No	"Sunday, July 12, 2020"	No	2	0	1	1
1123	Female	20	Some Travel	Technology	3	CA	White	1	Information Systems	Machine Learning Engineer	Married	41342	1	Yes	"Thursday, July 16, 2020"	No	2	1	1	2
1124	Male	36	Some Travel	Sales	7	NY	White	3	Technical Degree	Sales Executive	Single	243989	0	Yes	"Saturday, July 18, 2020"	Yes	1	0	1	1
1125	Female	28	Some Travel	Sales	13	CA	White	3	Marketing 	Sales Executive	Married	207479	3	No	"Sunday, July 19, 2020"	Yes	1	0	0	0
1126	Non-Binary	28	Some Travel	Technology	42	NY	White	4	Computer Science	Data Scientist	Married	85987	1	No	"Monday, July 20, 2020"	No	2	0	1	0
1127	Female	22	Frequent Traveller	Technology	30	NY	White	3	Computer Science	Data Scientist	Divorced	40614	1	Yes	"Wednesday, July 29, 2020"	Yes	0	0	0	0
1128	Prefer Not To Say	43	Frequent Traveller	Technology	37	CA	White	1	Information Systems	Senior Software Engineer	Married	199718	0	No	"Monday, August 3, 2020"	No	2	1	2	2
1129	Male	22	Frequent Traveller	Technology	9	NY	White	2	Computer Science	Senior Software Engineer	Divorced	73389	3	No	"Wednesday, August 5, 2020"	No	2	0	2	2
1130	Male	23	Frequent Traveller	Technology	12	NY	White	3	Computer Science	Senior Software Engineer	Divorced	68820	1	No	"Wednesday, August 5, 2020"	No	2	2	2	1
1131	Non-Binary	21	Frequent Traveller	Technology	29	CA	White	4	Information Systems	Software Engineer	Single	61345	0	No	"Friday, August 7, 2020"	Yes	1	0	0	0
1132	Female	23	Some Travel	Sales	26	NY	White	3	Economics	Sales Executive	Single	67718	0	No	"Friday, August 7, 2020"	No	2	1	2	1
1133	Male	50	No Travel 	Technology	11	NY	White	1	Computer Science	Engineering Manager	Divorced	337946	2	No	"Saturday, August 15, 2020"	No	2	1	2	1
1134	Male	40	No Travel 	Technology	15	NY	White	1	Information Systems	Analytics Manager	Single	465219	0	No	"Monday, August 17, 2020"	No	2	2	2	0
1135	Female	20	Some Travel	Sales	16	NY	White	3	Marketing 	Sales Representative	Single	35754	0	No	"Monday, August 24, 2020"	Yes	0	0	0	0
1136	Female	23	Some Travel	Technology	40	CA	White	3	Computer Science	Data Scientist	Single	23632	0	No	"Monday, August 24, 2020"	No	2	2	2	0
1137	Female	20	Some Travel	Technology	24	NY	White	2	Business Studies	Data Scientist	Single	38138	0	No	"Saturday, August 29, 2020"	No	2	2	2	1
1138	Female	20	No Travel 	Technology	45	CA	White	2	Computer Science	Software Engineer	Divorced	28262	1	No	"Saturday, August 29, 2020"	Yes	1	0	0	0
1139	Male	34	Frequent Traveller	Sales	45	NY	White	3	Marketing 	Sales Executive	Married	341971	0	No	"Wednesday, September 2, 2020"	Yes	1	0	0	0
1140	Male	23	Some Travel	Technology	11	CA	White	4	Information Systems	Data Scientist	Married	22488	1	No	"Friday, September 4, 2020"	No	2	2	2	2
1141	Female	27	Some Travel	Technology	28	CA	White	4	Computer Science	Machine Learning Engineer	Married	93291	0	No	"Friday, September 11, 2020"	No	2	1	2	1
1142	Female	22	Some Travel	Technology	36	CA	White	4	Computer Science	Software Engineer	Single	31072	0	No	"Tuesday, September 15, 2020"	No	2	2	2	1
1143	Female	28	Some Travel	Sales	18	IL	White	3	Economics	Sales Executive	Married	113501	1	Yes	"Tuesday, September 22, 2020"	No	2	2	2	2
1144	Male	23	Frequent Traveller	Technology	40	CA	White	3	Computer Science	Senior Software Engineer	Divorced	79724	1	No	"Wednesday, September 23, 2020"	No	2	0	2	0
1145	Male	20	Some Travel	Technology	38	CA	White	3	Business Studies	Software Engineer	Divorced	21344	1	No	"Friday, September 25, 2020"	No	2	1	2	2
1146	Non-Binary	23	Frequent Traveller	Human Resources	34	NY	White	4	Human Resources	HR Executive	Married	75948	0	No	"Saturday, September 26, 2020"	No	2	0	0	2
1147	Male	31	Some Travel	Sales	11	CA	White	3	Marketing	Sales Executive	Divorced	155386	3	No	"Saturday, September 26, 2020"	No	2	1	2	1
1148	Female	47	Some Travel	Technology	32	CA	White	3	Information Systems	Machine Learning Engineer	Single	243869	0	No	"Sunday, October 4, 2020"	No	2	1	1	0
1149	Male	40	Some Travel	Sales	37	CA	White	4	Marketing	Sales Executive	Single	226512	0	Yes	"Thursday, October 8, 2020"	Yes	2	1	1	1
1150	Female	20	Some Travel	Technology	41	IL	White	3	Computer Science	Data Scientist	Divorced	40701	1	No	"Sunday, October 11, 2020"	No	2	1	1	1
1151	Female	33	Some Travel	Technology	3	CA	White	4	Computer Science	Engineering Manager	Single	307688	0	No	"Monday, October 12, 2020"	No	2	2	2	0
1152	Male	23	Some Travel	Sales	23	NY	White	4	Marketing	Sales Executive	Divorced	53590	2	No	"Tuesday, October 13, 2020"	No	2	0	2	0
1153	Male	22	Frequent Traveller	Technology	2	NY	White	3	Business Studies	Software Engineer	Single	37014	0	Yes	"Friday, October 23, 2020"	Yes	1	0	1	0
1154	Female	29	Some Travel	Technology	32	CA	White	3	Computer Science	Engineering Manager	Married	390142	0	No	"Tuesday, October 27, 2020"	No	2	1	2	2
1155	Female	21	Some Travel	Technology	6	CA	White	5	Business Studies	Software Engineer	Married	25149	0	No	"Tuesday, November 3, 2020"	Yes	1	1	1	1
1156	Male	23	Some Travel	Technology	17	NY	White	3	Information Systems	Machine Learning Engineer	Married	80236	0	No	"Tuesday, November 3, 2020"	No	2	0	2	1
1157	Female	20	Some Travel	Technology	30	CA	White	2	Information Systems	Data Scientist	Divorced	41179	1	No	"Wednesday, November 4, 2020"	No	2	0	0	0
1158	Non-Binary	33	Some Travel	Technology	4	IL	White	2	Information Systems	Analytics Manager	Married	350024	1	No	"Wednesday, November 4, 2020"	No	2	1	2	0
1159	Female	22	Some Travel	Technology	21	NY	White	3	Other	Data Scientist	Single	33354	0	No	"Sunday, November 8, 2020"	No	2	1	2	2
1160	Male	21	Frequent Traveller	Sales	36	IL	White	4	Other	Sales Executive	Single	46452	0	Yes	"Sunday, November 8, 2020"	Yes	1	1	1	0
1161	Male	22	Some Travel	Technology	24	CA	White	3	Information Systems	Software Engineer	Married	44076	1	No	"Sunday, November 8, 2020"	No	2	1	1	1
1162	Female	28	Some Travel	Human Resources	31	NY	White	3	Human Resources	HR Executive	Married	96807	1	No	"Thursday, November 12, 2020"	No	2	1	2	0
1163	Male	21	Some Travel	Technology	24	NY	White	3	Information Systems	Machine Learning Engineer	Divorced	75816	1	No	"Sunday, November 15, 2020"	No	2	1	1	0
1164	Male	22	Some Travel	Technology	40	NY	White	3	Information Systems	Senior Software Engineer	Married	54114	1	Yes	"Wednesday, November 18, 2020"	No	2	0	1	1
1165	Female	21	Some Travel	Sales	18	IL	White	4	Economics	Sales Executive	Single	49374	0	No	"Thursday, November 19, 2020"	No	2	2	2	1
1166	Male	30	Some Travel	Technology	19	IL	White	4	Business Studies	Data Scientist	Single	96187	0	Yes	"Thursday, November 19, 2020"	Yes	0	0	0	0
1167	Male	23	Some Travel	Technology	4	NY	White	4	Computer Science	Software Engineer	Divorced	42687	3	Yes	"Saturday, November 21, 2020"	No	2	2	2	2
1168	Female	39	Some Travel	Technology	42	CA	White	4	Computer Science	Engineering Manager	Single	539998	0	Yes	"Sunday, November 22, 2020"	Yes	1	0	0	0
1169	Female	22	Some Travel	Human Resources	11	NY	White	3	Marketing 	Recruiter	Married	26880	0	No	"Thursday, December 10, 2020"	No	2	2	2	1
1170	Male	21	Some Travel	Technology	23	CA	White	2	Information Systems	Machine Learning Engineer	Divorced	56541	2	No	"Thursday, December 10, 2020"	No	2	0	1	0
1171	Female	21	Some Travel	Sales	36	CA	White	3	Marketing	Sales Executive	Married	76057	2	No	"Saturday, December 12, 2020"	Yes	1	0	0	0
1172	Female	21	Some Travel	Technology	30	CA	White	3	Business Studies	Data Scientist	Divorced	56422	1	No	"Saturday, December 12, 2020"	No	2	2	2	1
1173	Female	21	Some Travel	Technology	39	NY	White	2	Information Systems	Machine Learning Engineer	Single	63201	0	No	"Sunday, December 13, 2020"	No	2	2	2	2
1174	Female	29	Frequent Traveller	Sales	13	CA	White	3	Marketing 	Sales Executive	Married	126008	1	No	"Wednesday, December 16, 2020"	No	2	2	2	1
1175	Male	22	Some Travel	Technology	20	IL	White	2	Information Systems	Senior Software Engineer	Married	54899	1	Yes	"Friday, December 18, 2020"	No	2	0	1	0
1176	Male	21	Some Travel	Technology	22	NY	White	2	Computer Science	Software Engineer	Divorced	73075	2	No	"Wednesday, December 23, 2020"	No	2	1	1	1
1177	Female	36	Some Travel	Technology	10	CA	White	4	Information Systems	Senior Software Engineer	Divorced	297181	1	No	"Thursday, December 24, 2020"	No	2	2	2	2
1178	Male	22	Frequent Traveller	Sales	4	NY	White	4	Marketing	Sales Executive	Single	75816	0	No	"Thursday, December 24, 2020"	Yes	1	0	0	0
1179	Non-Binary	19	Some Travel	Technology	25	CA	White	2	Other	Machine Learning Engineer	Single	50352	0	Yes	"Saturday, January 2, 2021"	No	1	1	1	1
1180	Female	31	No Travel 	Sales	7	NY	White	2	Marketing	Sales Executive	Married	186215	1	No	"Monday, January 4, 2021"	No	1	0	1	1
1181	Male	29	Some Travel	Sales	17	CA	White	4	Marketing	Sales Executive	Single	140158	0	No	"Monday, January 4, 2021"	No	1	0	1	1
1182	Female	19	Some Travel	Technology	36	CA	White	2	Information Systems	Software Engineer	Single	23385	2	No	"Wednesday, January 6, 2021"	No	1	0	1	1
1183	Female	21	Some Travel	Technology	15	IL	White	2	Computer Science	Machine Learning Engineer	Married	62882	0	Yes	"Saturday, January 9, 2021"	Yes	0	0	0	0
1184	Male	19	Frequent Traveller	Sales	14	NY	White	2	Marketing 	Sales Executive	Single	74458	1	Yes	"Sunday, January 10, 2021"	No	1	0	0	1
1185	Female	21	Some Travel	Technology	19	NY	White	4	Information Systems	Software Engineer	Single	25114	0	No	"Saturday, January 16, 2021"	No	1	1	1	1
1186	Male	51	Some Travel	Technology	30	NY	White	3	Computer Science	Analytics Manager	Divorced	232658	1	No	"Sunday, January 17, 2021"	No	1	1	1	1
1187	Non-Binary	22	Some Travel	Technology	16	NY	White	1	Computer Science	Data Scientist	Married	78467	2	Yes	"Monday, January 25, 2021"	No	1	0	1	0
1188	Female	28	Some Travel	Technology	15	CA	White	4	Other	Sales Executive	Single	319619	0	Yes	"Tuesday, January 26, 2021"	No	1	1	1	0
1189	Female	22	Some Travel	Technology	40	IL	White	4	Computer Science	Senior Software Engineer	Married	66266	1	No	"Sunday, January 31, 2021"	No	1	0	1	1
1190	Female	22	Some Travel	Human Resources	7	NY	White	2	Economics	Recruiter	Married	29322	0	Yes	"Sunday, January 31, 2021"	Yes	1	0	0	0
1191	Male	28	Some Travel	Sales	42	CA	White	3	Marketing	Sales Executive	Married	128192	1	No	"Friday, February 5, 2021"	No	1	1	1	0
1192	Male	42	Some Travel	Technology	28	CA	White	3	Computer Science	Engineering Manager	Single	380905	0	No	"Saturday, February 6, 2021"	No	1	0	1	1
1193	Female	22	Some Travel	Sales	22	CA	White	1	Other	Sales Executive	Married	48698	0	Yes	"Thursday, February 18, 2021"	No	1	0	1	1
1194	Male	19	Some Travel	Technology	26	CA	White	3	Information Systems	Software Engineer	Single	43961	1	No	"Friday, February 19, 2021"	No	1	0	1	1
1195	Male	32	Some Travel	Technology	34	CA	White	4	Information Systems	Software Engineer	Single	439641	0	No	"Saturday, February 20, 2021"	No	1	0	1	1
1196	Female	19	Some Travel	Technology	44	CA	White	4	Computer Science	Machine Learning Engineer	Single	42900	2	Yes	"Sunday, February 28, 2021"	No	1	0	1	0
1197	Female	21	Some Travel	Technology	38	CA	White	1	Information Systems	Senior Software Engineer	Married	63049	0	Yes	"Monday, March 1, 2021"	Yes	0	0	0	0
1198	Male	37	Some Travel	Technology	22	IL	White	3	Computer Science	Senior Software Engineer	Married	193287	1	Yes	"Monday, March 1, 2021"	No	1	0	1	0
1199	Female	31	Frequent Traveller	Technology	25	NY	White	5	Information Systems	Analytics Manager	Single	362540	1	No	"Wednesday, March 3, 2021"	No	1	0	0	0
1200	Male	35	Some Travel	Technology	19	NY	White	4	Computer Science	Machine Learning Engineer	Married	286432	1	No	"Wednesday, March 3, 2021"	No	1	0	1	0
1201	Female	19	Some Travel	Human Resources	1	CA	White	3	Human Resources	HR Executive	Single	41958	1	No	"Tuesday, March 9, 2021"	No	1	1	1	0
1202	Female	30	Some Travel	Technology	19	CA	White	3	Computer Science	Senior Software Engineer	Divorced	125751	1	No	"Thursday, March 11, 2021"	No	1	0	1	1
1203	Female	20	Some Travel	Technology	39	CA	White	4	Information Systems	Software Engineer	Married	37436	0	Yes	"Sunday, March 14, 2021"	Yes	0	0	0	0
1204	Male	19	Some Travel	Technology	7	CA	White	3	Information Systems	Software Engineer	Single	30896	0	Yes	"Wednesday, March 17, 2021"	Yes	1	0	0	0
1205	Female	42	Some Travel	Sales	2	NY	White	3	Economics	Sales Executive	Divorced	260021	1	No	"Monday, March 22, 2021"	No	1	1	1	0
1206	Male	21	Some Travel	Technology	5	NY	White	3	Computer Science	Software Engineer	Married	25060	1	No	"Monday, March 22, 2021"	No	1	1	1	1
1207	Male	50	Frequent Traveller	Technology	38	NY	White	4	Information Systems	Machine Learning Engineer	Married	366078	0	No	"Thursday, March 25, 2021"	No	1	0	0	1
1208	Male	22	Some Travel	Technology	42	CA	White	4	Business Studies	Software Engineer	Married	51272	1	Yes	"Friday, March 26, 2021"	No	1	0	0	1
1209	Non-Binary	19	Some Travel	Sales	29	CA	White	1	Marketing	Sales Representative	Single	29673	1	No	"Saturday, March 27, 2021"	Yes	0	0	0	0
1210	Prefer Not To Say	45	Some Travel	Technology	5	CA	White	4	Computer Science	Machine Learning Engineer	Single	241664	0	No	"Saturday, March 27, 2021"	No	1	1	1	0
1211	Male	24	Frequent Traveller	Technology	45	CA	White	3	Computer Science	Data Scientist	Single	85422	0	Yes	"Sunday, March 28, 2021"	Yes	1	0	0	0
1212	Male	26	Some Travel	Sales	36	IL	White	4	Marketing	Sales Representative	Married	70455	2	Yes	"Tuesday, March 30, 2021"	No	1	1	1	1
1213	Female	21	No Travel 	Technology	24	CA	White	5	Information Systems	Software Engineer	Married	53912	2	Yes	"Friday, April 2, 2021"	No	1	1	1	0
1214	Female	22	Some Travel	Sales	16	CA	White	3	Marketing 	Sales Executive	Single	70202	0	No	"Thursday, April 8, 2021"	No	1	0	0	0
1215	Male	20	Frequent Traveller	Technology	45	CA	White	2	Information Systems	Software Engineer	Divorced	22773	3	Yes	"Wednesday, April 14, 2021"	Yes	1	0	0	0
1216	Female	21	Frequent Traveller	Sales	40	CA	White	3	Marketing	Sales Executive	Single	59519	0	No	"Sunday, April 18, 2021"	No	1	1	1	1
1217	Female	19	Frequent Traveller	Technology	45	CA	White	3	Computer Science	Data Scientist	Single	32322	0	No	"Thursday, April 22, 2021"	No	1	1	1	1
1218	Male	39	No Travel 	Technology	30	CA	White	4	Computer Science	Senior Software Engineer	Single	152771	1	No	"Saturday, April 24, 2021"	No	1	1	1	1
1219	Female	42	Some Travel	Technology	13	CA	White	3	Computer Science	Machine Learning Engineer	Single	293303	0	No	"Sunday, April 25, 2021"	No	1	0	0	1
1220	Female	27	Some Travel	Sales	16	CA	White	3	Marketing	Manager	Single	225831	1	No	"Sunday, April 25, 2021"	No	1	1	1	0
1221	Female	43	Some Travel	Technology	35	CA	White	5	Computer Science	Engineering Manager	Single	286660	0	No	"Monday, April 26, 2021"	No	1	0	0	1
1222	Male	45	Some Travel	Sales	20	CA	White	3	Marketing 	Manager	Married	374781	1	No	"Friday, April 30, 2021"	No	1	1	1	1
1223	Male	24	Some Travel	Sales	27	CA	White	4	Marketing 	Sales Executive	Married	86102	0	Yes	"Tuesday, May 4, 2021"	Yes	0	0	0	0
1224	Female	19	Frequent Traveller	Human Resources	24	IL	White	3	Economics	Recruiter	Married	25838	1	No	"Thursday, May 6, 2021"	No	1	0	0	0
1225	Male	33	Some Travel	Sales	43	NY	White	4	Marketing	Sales Executive	Single	165988	0	Yes	"Saturday, May 8, 2021"	Yes	1	0	0	0
1226	Male	31	Some Travel	Technology	6	CA	White	1	Information Systems	Analytics Manager	Married	376853	1	No	"Monday, May 10, 2021"	No	1	1	1	0
1227	Female	35	Some Travel	Technology	4	CA	White	2	Computer Science	Data Scientist	Single	423941	0	No	"Friday, May 14, 2021"	No	1	1	1	1
1228	Male	20	Some Travel	Technology	27	IL	White	1	Business Studies	Data Scientist	Single	27141	0	No	"Saturday, May 15, 2021"	No	1	1	1	1
1229	Female	21	Frequent Traveller	Sales	33	NY	White	3	Marketing 	Sales Executive	Divorced	60810	1	No	"Tuesday, May 18, 2021"	No	1	0	1	1
1230	Male	32	Some Travel	Technology	30	CA	White	1	Information Systems	Data Scientist	Married	89960	3	No	"Tuesday, May 18, 2021"	No	1	0	1	1
1231	Female	22	Some Travel	Sales	25	CA	White	3	Other	Sales Executive	Married	48716	1	No	"Saturday, May 22, 2021"	No	1	1	1	1
1232	Male	41	Some Travel	Sales	35	NY	White	1	Marketing	Manager	Married	314961	1	No	"Sunday, May 23, 2021"	Yes	0	0	0	0
1233	Female	20	Frequent Traveller	Technology	32	CA	White	3	Computer Science	Software Engineer	Divorced	33488	2	No	"Monday, May 24, 2021"	No	1	1	1	1
1234	Female	47	Some Travel	Technology	23	NY	White	1	Computer Science	Senior Software Engineer	Married	221827	1	No	"Saturday, June 5, 2021"	No	1	0	0	1
1235	Female	32	Some Travel	Technology	16	IL	White	3	Computer Science	Machine Learning Engineer	Married	228427	1	Yes	"Sunday, June 6, 2021"	No	1	1	1	1
1236	Female	19	Some Travel	Technology	18	IL	White	3	Computer Science	Software Engineer	Single	28346	0	No	"Monday, June 7, 2021"	No	1	1	1	1
1237	Male	21	Frequent Traveller	Technology	33	CA	White	2	Information Systems	Software Engineer	Married	37954	1	Yes	"Monday, June 7, 2021"	No	1	0	0	1
1238	Female	43	Frequent Traveller	Technology	4	CA	White	3	Information Systems	Machine Learning Engineer	Single	262392	0	Yes	"Tuesday, June 8, 2021"	No	1	1	1	1
1239	Female	40	Some Travel	Technology	38	CA	White	2	Information Systems	Senior Software Engineer	Married	380248	0	Yes	"Wednesday, June 9, 2021"	No	1	0	1	1
1240	Non-Binary	21	Some Travel	Technology	37	CA	White	3	Information Systems	Data Scientist	Single	43030	0	No	"Thursday, June 10, 2021"	No	1	0	1	1
1241	Male	20	Some Travel	Technology	34	CA	White	4	Computer Science	Software Engineer	Single	22925	0	Yes	"Sunday, June 13, 2021"	Yes	1	0	0	0
1242	Female	19	Some Travel	Technology	24	CA	White	2	Computer Science	Data Scientist	Single	31014	1	No	"Wednesday, June 16, 2021"	No	1	1	1	0
1243	Non-Binary	28	Frequent Traveller	Technology	40	CA	White	1	Computer Science	Senior Software Engineer	Single	187698	0	No	"Thursday, June 17, 2021"	No	1	0	1	1
1244	Male	22	Frequent Traveller	Technology	4	CA	White	3	Information Systems	Data Scientist	Married	21854	1	No	"Friday, June 18, 2021"	Yes	0	0	0	0
1245	Female	30	Some Travel	Sales	12	CA	White	3	Marketing	Sales Executive	Divorced	145929	3	No	"Tuesday, June 22, 2021"	No	1	0	1	1
1246	Male	38	Some Travel	Technology	45	CA	White	2	Information Systems	Engineering Manager	Divorced	439935	1	Yes	"Tuesday, June 22, 2021"	No	1	1	1	1
1247	Female	26	Some Travel	Sales	10	CA	White	4	Marketing	Sales Executive	Single	93246	0	Yes	"Friday, June 25, 2021"	Yes	1	0	0	0
1248	Male	21	Some Travel	Technology	34	NY	White	2	Computer Science	Software Engineer	Married	26137	1	No	"Saturday, June 26, 2021"	No	1	0	0	1
1249	Male	19	Some Travel	Technology	28	CA	White	3	Information Systems	Data Scientist	Single	26062	3	Yes	"Wednesday, June 30, 2021"	No	1	1	1	1
1250	Male	39	Some Travel	Sales	37	NY	White	3	Marketing	Manager	Married	265712	1	Yes	"Tuesday, July 6, 2021"	No	1	0	0	1
1251	Male	20	Frequent Traveller	Technology	39	CA	White	3	Information Systems	Machine Learning Engineer	Single	42308	0	No	"Wednesday, July 7, 2021"	No	1	1	1	0
1252	Female	22	Some Travel	Technology	34	CA	White	1	Computer Science	Software Engineer	Married	36677	1	No	"Friday, July 9, 2021"	No	1	0	1	1
1253	Female	27	No Travel 	Human Resources	4	CA	White	3	Human Resources	HR Executive	Married	78265	1	No	"Saturday, July 10, 2021"	No	1	1	1	1
1254	Male	30	Some Travel	Sales	43	NY	White	3	Technical Degree	Sales Executive	Married	135160	1	No	"Saturday, July 10, 2021"	No	1	1	1	0
1255	Male	19	Some Travel	Technology	4	CA	White	3	Computer Science	Machine Learning Engineer	Single	60077	1	No	"Sunday, July 11, 2021"	No	1	1	1	0
1256	Female	22	Some Travel	Technology	38	IL	White	4	Computer Science	Data Scientist	Married	31161	1	Yes	"Monday, July 19, 2021"	No	1	0	0	0
1257	Non-Binary	46	Some Travel	Sales	17	CA	White	3	Marketing 	Sales Executive	Married	223874	1	No	"Monday, July 19, 2021"	Yes	1	0	0	0
1258	Male	21	Some Travel	Technology	43	NY	White	4	Computer Science	Data Scientist	Married	38749	1	No	"Wednesday, July 21, 2021"	No	1	0	0	0
1259	Female	30	Frequent Traveller	Technology	32	CA	White	4	Other	Senior Software Engineer	Single	145589	1	Yes	"Friday, July 30, 2021"	No	1	1	1	1
1260	Female	20	Frequent Traveller	Technology	23	CA	White	3	Information Systems	Software Engineer	Divorced	31801	1	Yes	"Monday, August 2, 2021"	No	1	1	1	0
1261	Female	19	Some Travel	Technology	33	NY	White	3	Other	Senior Software Engineer	Married	49005	0	No	"Wednesday, August 4, 2021"	No	1	0	1	0
1262	Male	19	Some Travel	Sales	5	CA	White	1	Marketing 	Sales Executive	Single	53387	0	No	"Monday, August 9, 2021"	No	1	0	1	1
1263	Female	27	Some Travel	Technology	39	CA	White	3	Computer Science	Senior Software Engineer	Divorced	88122	1	No	"Wednesday, August 11, 2021"	No	1	0	1	1
1264	Non-Binary	19	Some Travel	Technology	16	CA	White	4	Information Systems	Data Scientist	Single	41092	1	No	"Friday, August 20, 2021"	No	1	1	1	0
1265	Female	19	Some Travel	Technology	7	IL	White	4	Computer Science	Machine Learning Engineer	Single	64882	0	Yes	"Monday, August 23, 2021"	No	1	0	0	0
1266	Female	32	Some Travel	Sales	43	CA	White	3	Marketing 	Manager	Single	202322	1	No	"Monday, August 30, 2021"	No	1	0	1	0
1267	Male	21	No Travel 	Technology	19	NY	White	2	Computer Science	Senior Software Engineer	Divorced	36012	0	Yes	"Sunday, September 5, 2021"	No	1	1	1	1
1268	Male	22	Some Travel	Technology	40	CA	White	4	Information Systems	Software Engineer	Married	27763	0	No	"Sunday, September 5, 2021"	No	1	0	1	0
1269	Female	21	Some Travel	Sales	36	CA	White	4	Marketing 	Sales Executive	Divorced	37035	3	No	"Saturday, September 11, 2021"	No	1	1	1	1
1270	Female	20	Frequent Traveller	Technology	31	NY	White	3	Information Systems	Data Scientist	Single	37361	0	No	"Monday, September 13, 2021"	Yes	0	0	0	0
1271	Male	35	Some Travel	Sales	31	CA	White	2	Marketing	Sales Executive	Divorced	200802	3	No	"Sunday, September 26, 2021"	No	1	0	1	0
1272	Female	21	Some Travel	Sales	10	NY	White	3	Economics	Sales Executive	Divorced	60769	1	No	"Monday, September 27, 2021"	No	1	1	1	1
1273	Male	32	Some Travel	Technology	39	NY	White	3	Business Studies	Analytics Manager	Married	253019	0	No	"Tuesday, September 28, 2021"	No	1	0	0	0
1274	Female	22	No Travel 	Sales	7	CA	White	4	Marketing 	Sales Executive	Married	46546	1	No	"Wednesday, September 29, 2021"	No	1	0	1	1
1275	Female	21	No Travel 	Sales	15	CA	White	4	Marketing 	Sales Executive	Married	76482	1	No	"Thursday, September 30, 2021"	No	1	1	1	0
1276	Male	22	Frequent Traveller	Sales	11	CA	White	3	Economics	Sales Representative	Married	34432	2	No	"Thursday, September 30, 2021"	No	1	0	0	1
1277	Male	21	Some Travel	Sales	43	NY	White	3	Marketing 	Sales Executive	Single	47553	0	No	"Friday, October 1, 2021"	No	1	1	1	0
1278	Male	43	Some Travel	Technology	17	NY	White	3	Business Studies	Machine Learning Engineer	Married	254834	0	No	"Tuesday, October 5, 2021"	No	1	1	1	1
1279	Non-Binary	19	Some Travel	Sales	22	CA	White	4	Marketing 	Sales Executive	Single	46813	0	No	"Saturday, October 9, 2021"	No	1	0	0	1
1280	Male	49	No Travel 	Human Resources	22	NY	White	4	Human Resources	HR Manager	Married	509261	1	No	"Tuesday, October 12, 2021"	No	1	1	1	0
1281	Female	50	Frequent Traveller	Sales	26	NY	White	4	Economics	Sales Executive	Married	214707	1	No	"Saturday, October 16, 2021"	No	1	1	1	1
1282	Female	38	Some Travel	Technology	10	IL	White	3	Business Studies	Engineering Manager	Married	303360	0	No	"Saturday, October 16, 2021"	Yes	0	0	0	0
1283	Female	49	Some Travel	Sales	43	IL	White	4	Marketing 	Manager	Single	413946	0	No	"Tuesday, October 19, 2021"	No	1	1	1	1
1284	Male	21	Some Travel	Technology	40	IL	White	4	Information Systems	Software Engineer	Single	65642	0	No	"Friday, October 22, 2021"	No	1	1	1	0
1285	Male	20	Some Travel	Technology	14	CA	White	3	Information Systems	Software Engineer	Married	35355	2	Yes	"Friday, October 29, 2021"	No	1	0	1	1
1286	Non-Binary	21	Some Travel	Human Resources	33	NY	White	2	Economics	HR Executive	Divorced	70809	1	Yes	"Sunday, November 7, 2021"	No	1	0	0	1
1287	Male	37	Some Travel	Technology	11	CA	White	4	Information Systems	Senior Software Engineer	Single	211375	1	No	"Tuesday, November 9, 2021"	No	1	1	1	0
1288	Female	21	Some Travel	Sales	41	CA	White	2	Economics	Sales Executive	Divorced	38066	2	No	"Saturday, November 13, 2021"	No	1	0	0	0
1289	Female	30	Some Travel	Technology	12	IL	White	2	Computer Science	Senior Software Engineer	Married	264407	1	No	"Sunday, November 14, 2021"	No	1	1	1	0
1290	Male	20	No Travel 	Technology	11	IL	White	3	Computer Science	Data Scientist	Married	26702	2	No	"Sunday, November 14, 2021"	No	1	1	1	0
1291	Male	19	Frequent Traveller	Sales	13	CA	White	2	Economics	Sales Executive	Single	65960	3	No	"Tuesday, November 16, 2021"	No	1	0	1	0
1292	Female	42	Some Travel	Technology	38	IL	White	4	Computer Science	Analytics Manager	Married	392379	1	No	"Wednesday, November 17, 2021"	No	1	1	1	1
1293	Female	28	Some Travel	Technology	43	CA	White	4	Information Systems	Software Engineer	Married	89527	1	Yes	"Sunday, November 21, 2021"	No	1	1	1	1
1294	Female	22	Some Travel	Technology	19	NY	White	2	Information Systems	Software Engineer	Married	60515	2	No	"Sunday, November 21, 2021"	No	1	1	1	1
1295	Female	31	Some Travel	Sales	13	CA	White	5	Marketing	Sales Executive	Married	183057	2	No	"Tuesday, November 23, 2021"	No	1	1	1	1
1296	Male	21	Some Travel	Technology	34	NY	White	4	Computer Science	Machine Learning Engineer	Single	50502	0	Yes	"Tuesday, November 23, 2021"	No	1	1	1	0
1297	Female	38	Some Travel	Technology	27	IL	White	4	Other	Engineering Manager	Married	301332	2	No	"Thursday, November 25, 2021"	No	1	1	1	1
1298	Female	21	Some Travel	Technology	6	CA	White	3	Information Systems	Software Engineer	Divorced	65743	2	Yes	"Saturday, November 27, 2021"	No	1	0	1	0
1299	Male	22	Some Travel	Sales	16	CA	White	2	Marketing	Sales Executive	Married	53220	2	Yes	"Sunday, November 28, 2021"	Yes	0	0	0	0
1300	Female	19	No Travel 	Sales	38	IL	White	4	Technical Degree	Sales Executive	Single	51673	2	No	"Tuesday, November 30, 2021"	No	1	0	1	0
1301	Female	22	Some Travel	Sales	10	CA	White	3	Economics	Sales Representative	Divorced	36980	3	Yes	"Wednesday, December 1, 2021"	Yes	0	0	0	0
1302	Male	22	No Travel 	Technology	6	CA	White	2	Information Systems	Machine Learning Engineer	Single	68302	0	Yes	"Wednesday, December 8, 2021"	No	1	1	1	0
1303	Female	22	Some Travel	Technology	13	CA	White	4	Information Systems	Machine Learning Engineer	Single	64364	0	No	"Thursday, December 9, 2021"	Yes	0	0	0	0
1304	Male	19	Some Travel	Technology	2	IL	White	2	Information Systems	Data Scientist	Single	52260	1	No	"Thursday, December 9, 2021"	No	1	1	1	0
1305	Female	50	Some Travel	Sales	37	NY	White	2	Marketing	Manager	Married	291477	0	No	"Friday, December 10, 2021"	No	1	0	0	1
1306	Male	22	Some Travel	Technology	11	CA	White	4	Information Systems	Software Engineer	Single	22382	0	No	"Sunday, December 12, 2021"	No	1	0	1	1
1307	Non-Binary	22	No Travel 	Technology	7	CA	White	3	Information Systems	Software Engineer	Married	27782	3	No	"Monday, December 13, 2021"	No	1	1	1	1
1308	Female	19	No Travel 	Technology	8	CA	White	2	Computer Science	Software Engineer	Single	54502	1	No	"Wednesday, December 22, 2021"	No	1	0	1	1
1309	Female	41	Frequent Traveller	Sales	4	CA	White	4	Economics	Sales Executive	Divorced	175032	2	No	"Wednesday, December 22, 2021"	No	1	0	0	0
1310	Female	21	Frequent Traveller	Technology	17	CA	White	2	Information Systems	Senior Software Engineer	Married	49516	1	No	"Saturday, December 25, 2021"	No	1	1	1	0
1311	Male	20	Some Travel	Technology	35	CA	White	3	Information Systems	Software Engineer	Single	28506	0	No	"Sunday, December 26, 2021"	No	1	0	1	1
1312	Female	19	Some Travel	Technology	10	IL	White	4	Computer Science	Senior Software Engineer	Single	51802	0	Yes	"Monday, December 27, 2021"	No	1	1	1	0
1313	Female	22	Frequent Traveller	Technology	28	CA	White	4	Computer Science	Data Scientist	Married	63571	1	No	"Tuesday, December 28, 2021"	Yes	0	0	0	0
1314	Male	19	Some Travel	Sales	4	IL	White	4	Marketing	Sales Executive	Single	38726	1	Yes	"Tuesday, December 28, 2021"	No	1	0	0	1
1315	Female	21	No Travel 	Sales	43	CA	White	1	Marketing	Sales Executive	Married	54355	1	Yes	"Friday, December 31, 2021"	No	1	0	1	1
1316	Male	19	Some Travel	Technology	6	CA	White	3	Computer Science	Software Engineer	Single	41539	0	No	"Tuesday, January 4, 2022"	No	0	0	0	0
1317	Male	20	Some Travel	Sales	8	CA	White	3	Marketing 	Sales Representative	Divorced	27060	1	Yes	"Tuesday, January 4, 2022"	Yes	0	0	0	0
1318	Male	24	Frequent Traveller	Human Resources	17	CA	White	5	Human Resources	HR Executive	Single	93008	0	Yes	"Tuesday, January 4, 2022"	No	0	0	0	0
1319	Female	24	Some Travel	Technology	25	NY	White	1	Information Systems	Data Scientist	Divorced	26973	3	No	"Monday, January 10, 2022"	No	0	0	0	0
1320	Female	35	Some Travel	Sales	36	CA	White	2	Marketing	Manager	Married	487746	1	No	"Wednesday, January 12, 2022"	No	0	0	0	0
1321	Female	18	Frequent Traveller	Technology	34	NY	White	4	Information Systems	Software Engineer	Single	54085	1	Yes	"Thursday, January 13, 2022"	No	0	0	0	0
1322	Female	18	Some Travel	Sales	20	CA	White	3	Technical Degree	Sales Executive	Single	58523	0	No	"Tuesday, January 25, 2022"	Yes	0	0	0	0
1323	Female	18	Some Travel	Technology	32	CA	White	4	Information Systems	Software Engineer	Single	24906	0	No	"Tuesday, January 25, 2022"	No	0	0	0	0
1324	Male	24	Some Travel	Technology	9	NY	White	3	Information Systems	Machine Learning Engineer	Single	108352	0	Yes	"Wednesday, January 26, 2022"	No	0	0	0	0
1325	Female	19	Some Travel	Technology	14	CA	White	3	Computer Science	Software Engineer	Single	36554	0	No	"Monday, January 31, 2022"	No	0	0	0	0
1326	Female	18	Some Travel	Sales	43	CA	White	4	Economics	Sales Executive	Single	41708	0	No	"Sunday, February 6, 2022"	No	0	0	0	0
1327	Male	18	Frequent Traveller	Sales	41	CA	White	4	Marketing	Sales Executive	Single	72639	2	No	"Monday, February 7, 2022"	No	0	0	0	0
1328	Male	18	Some Travel	Sales	18	CA	White	4	Marketing	Sales Executive	Single	52198	0	No	"Friday, February 11, 2022"	No	0	0	0	0
1329	Male	31	Some Travel	Sales	36	NY	White	3	Marketing	Sales Executive	Single	139882	0	No	"Friday, February 11, 2022"	No	0	0	0	0
1330	Prefer Not To Say	21	Some Travel	Technology	43	NY	White	3	Computer Science	Software Engineer	Single	33306	0	No	"Monday, February 14, 2022"	No	0	0	0	0
1331	Female	36	Frequent Traveller	Technology	29	CA	White	3	Information Systems	Software Engineer	Single	144071	1	No	"Tuesday, February 15, 2022"	No	0	0	0	0
1332	Male	21	Some Travel	Technology	30	CA	White	3	Computer Science	Software Engineer	Single	38906	0	No	"Tuesday, February 15, 2022"	No	0	0	0	0
1333	Male	23	Some Travel	Technology	28	NY	White	3	Information Systems	Machine Learning Engineer	Single	83064	3	No	"Tuesday, February 15, 2022"	No	0	0	0	0
1334	Female	35	Some Travel	Sales	21	CA	White	4	Marketing	Sales Executive	Single	225565	1	No	"Wednesday, February 16, 2022"	No	0	0	0	0
1335	Male	19	Some Travel	Technology	7	NY	White	4	Business Studies	Software Engineer	Single	29266	1	No	"Wednesday, February 16, 2022"	No	0	0	0	0
1336	Male	21	No Travel 	Technology	20	CA	White	1	Business Studies	Machine Learning Engineer	Married	55170	1	No	"Friday, February 18, 2022"	No	0	0	0	0
1337	Non-Binary	20	Frequent Traveller	Technology	16	CA	White	3	Information Systems	Software Engineer	Married	38717	1	No	"Saturday, February 19, 2022"	No	0	0	0	0
1338	Female	19	Frequent Traveller	Human Resources	31	NY	White	4	Marketing 	Recruiter	Single	36832	1	Yes	"Sunday, February 20, 2022"	Yes	0	0	0	0
1339	Female	39	Some Travel	Human Resources	28	NY	White	3	Human Resources	HR Business Partner	Single	443218	1	No	"Monday, February 21, 2022"	No	0	0	0	0
1340	Male	21	Some Travel	Technology	18	NY	White	2	Information Systems	Machine Learning Engineer	Married	71821	0	No	"Monday, February 21, 2022"	No	0	0	0	0
1341	Male	26	Some Travel	Technology	37	CA	White	3	Information Systems	Analytics Manager	Single	192073	1	No	"Monday, February 21, 2022"	No	0	0	0	0
1342	Male	21	Some Travel	Technology	24	CA	White	2	Information Systems	Data Scientist	Married	34024	2	No	"Thursday, February 24, 2022"	No	0	0	0	0
1343	Male	21	No Travel 	Technology	20	CA	White	3	Information Systems	Data Scientist	Single	21454	0	No	"Sunday, February 27, 2022"	No	0	0	0	0
1344	Male	18	Some Travel	Technology	21	CA	White	3	Computer Science	Software Engineer	Married	42946	0	No	"Wednesday, March 2, 2022"	No	0	0	0	0
1345	Male	29	Some Travel	Sales	18	IL	White	2	Economics	Sales Executive	Single	225330	0	No	"Wednesday, March 2, 2022"	Yes	0	0	0	0
1346	Male	18	No Travel 	Technology	4	CA	White	3	Information Systems	Software Engineer	Single	32191	1	No	"Monday, March 7, 2022"	No	0	0	0	0
1347	Male	20	Some Travel	Technology	29	CA	White	1	Computer Science	Data Scientist	Married	20526	1	No	"Tuesday, March 8, 2022"	No	0	0	0	0
1348	Male	49	Frequent Traveller	Technology	43	CA	White	3	Computer Science	Analytics Manager	Divorced	368010	1	No	"Sunday, March 13, 2022"	No	0	0	0	0
1349	Female	19	Some Travel	Sales	9	CA	White	3	Marketing	Sales Representative	Single	21506	2	No	"Monday, March 14, 2022"	No	0	0	0	0
1350	Male	21	No Travel 	Sales	22	CA	White	3	Marketing 	Sales Executive	Divorced	62828	1	Yes	"Monday, March 14, 2022"	No	0	0	0	0
1351	Male	19	No Travel 	Technology	9	CA	White	3	Information Systems	Software Engineer	Single	29798	0	Yes	"Saturday, March 19, 2022"	Yes	0	0	0	0
1352	Male	18	Some Travel	Technology	35	CA	White	5	Other	Data Scientist	Single	36353	0	No	"Sunday, March 20, 2022"	No	0	0	0	0
1353	Female	18	No Travel 	Sales	34	IL	White	3	Marketing	Sales Executive	Single	49100	0	No	"Monday, March 21, 2022"	No	0	0	0	0
1354	Non-Binary	18	Some Travel	Sales	4	NY	White	4	Marketing 	Sales Executive	Single	74515	3	Yes	"Wednesday, March 23, 2022"	No	0	0	0	0
1355	Male	18	Some Travel	Sales	37	CA	White	4	Marketing 	Sales Representative	Single	32480	0	No	"Friday, March 25, 2022"	No	0	0	0	0
1356	Male	25	Some Travel	Sales	15	NY	White	1	Marketing	Sales Executive	Married	118961	1	No	"Thursday, April 7, 2022"	No	0	0	0	0
1357	Male	21	Some Travel	Technology	36	CA	White	2	Computer Science	Software Engineer	Single	36431	0	No	"Sunday, April 10, 2022"	No	0	0	0	0
1358	Male	39	Frequent Traveller	Technology	29	NY	White	3	Other	Engineering Manager	Divorced	273739	3	Yes	"Tuesday, April 12, 2022"	No	0	0	0	0
1359	Male	21	Frequent Traveller	Technology	16	CA	White	2	Computer Science	Data Scientist	Single	42569	0	No	"Wednesday, April 13, 2022"	Yes	0	0	0	0
1360	Female	21	Frequent Traveller	Sales	9	CA	White	3	Marketing	Sales Representative	Divorced	35770	1	No	"Thursday, April 14, 2022"	No	0	0	0	0
1361	Male	21	Some Travel	Technology	42	NY	White	3	Computer Science	Software Engineer	Divorced	34257	3	No	"Saturday, April 16, 2022"	No	0	0	0	0
1362	Male	18	Some Travel	Technology	32	NY	White	1	Computer Science	Machine Learning Engineer	Single	50660	1	Yes	"Sunday, April 17, 2022"	Yes	0	0	0	0
1363	Female	24	Some Travel	Sales	11	CA	White	3	Technical Degree	Sales Executive	Single	58923	0	No	"Tuesday, April 19, 2022"	No	0	0	0	0
1364	Non-Binary	19	Frequent Traveller	Technology	15	CA	White	4	Business Studies	Software Engineer	Single	77905	0	No	"Tuesday, April 19, 2022"	No	0	0	0	0
1365	Male	21	Some Travel	Technology	44	CA	White	2	Other	Data Scientist	Single	32676	0	Yes	"Wednesday, April 20, 2022"	Yes	0	0	0	0
1366	Male	27	Some Travel	Human Resources	4	CA	White	3	Marketing 	HR Business Partner	Single	219195	1	Yes	"Wednesday, April 20, 2022"	No	0	0	0	0
1367	Male	20	Some Travel	Technology	39	NY	White	3	Other	Software Engineer	Married	20418	0	No	"Sunday, April 24, 2022"	No	0	0	0	0
1368	Male	20	Some Travel	Technology	18	CA	White	4	Computer Science	Data Scientist	Married	28544	1	Yes	"Wednesday, April 27, 2022"	No	0	0	0	0
1369	Female	20	Frequent Traveller	Technology	45	CA	White	1	Computer Science	Machine Learning Engineer	Married	46714	1	No	"Thursday, April 28, 2022"	No	0	0	0	0
1370	Male	32	Some Travel	Sales	21	NY	White	4	Marketing	Sales Executive	Married	106476	2	No	"Sunday, May 1, 2022"	No	0	0	0	0
1371	Female	34	Frequent Traveller	Technology	1	CA	White	1	Information Systems	Machine Learning Engineer	Single	178472	0	Yes	"Saturday, May 7, 2022"	No	0	0	0	0
1372	Prefer Not To Say	21	Some Travel	Technology	26	CA	White	4	Computer Science	Data Scientist	Married	21202	1	No	"Wednesday, May 11, 2022"	No	0	0	0	0
1373	Male	45	Some Travel	Sales	22	CA	White	4	Marketing 	Sales Executive	Married	270302	0	No	"Friday, May 13, 2022"	Yes	0	0	0	0
1374	Male	22	Some Travel	Sales	31	NY	White	1	Marketing 	Sales Executive	Single	51582	0	No	"Friday, May 13, 2022"	No	0	0	0	0
1375	Female	18	Frequent Traveller	Technology	10	IL	White	3	Computer Science	Software Engineer	Single	26960	3	No	"Tuesday, May 17, 2022"	No	0	0	0	0
1376	Female	19	Some Travel	Sales	21	NY	White	3	Marketing	Sales Representative	Single	33454	0	Yes	"Thursday, May 19, 2022"	Yes	0	0	0	0
1377	Male	18	Frequent Traveller	Technology	26	CA	White	2	Information Systems	Data Scientist	Single	31532	0	No	"Sunday, May 22, 2022"	Yes	0	0	0	0
1378	Male	19	Some Travel	Human Resources	18	NY	White	4	Economics	Recruiter	Single	20778	0	No	"Tuesday, May 24, 2022"	No	0	0	0	0
1379	Male	33	Frequent Traveller	Technology	24	NY	White	4	Computer Science	Machine Learning Engineer	Divorced	283171	1	No	"Tuesday, May 24, 2022"	No	0	0	0	0
1380	Male	19	Some Travel	Technology	15	CA	White	3	Computer Science	Data Scientist	Single	58408	1	Yes	"Tuesday, May 31, 2022"	No	0	0	0	0
1381	Female	27	Some Travel	Technology	36	CA	White	3	Information Systems	Engineering Manager	Married	227477	0	No	"Tuesday, June 7, 2022"	No	0	0	0	0
1382	Male	21	Some Travel	Sales	19	NY	White	4	Marketing 	Sales Representative	Married	22696	1	Yes	"Wednesday, June 8, 2022"	No	0	0	0	0
1383	Female	20	Some Travel	Technology	10	NY	White	5	Computer Science	Software Engineer	Married	32077	1	No	"Thursday, June 9, 2022"	No	0	0	0	0
1384	Female	19	Some Travel	Technology	26	CA	White	4	Information Systems	Software Engineer	Single	66119	0	No	"Sunday, June 12, 2022"	No	0	0	0	0
1385	Non-Binary	29	Some Travel	Sales	29	CA	White	2	Marketing 	Sales Executive	Single	134537	0	Yes	"Thursday, June 16, 2022"	No	0	0	0	0
1386	Prefer Not To Say	18	Some Travel	Sales	9	IL	White	3	Economics	Sales Executive	Single	74515	0	No	"Sunday, June 19, 2022"	No	0	0	0	0
1387	Female	18	Frequent Traveller	Sales	26	CA	White	3	Economics	Sales Executive	Single	62054	2	No	"Tuesday, June 21, 2022"	No	0	0	0	0
1388	Female	46	No Travel 	Sales	24	CA	White	4	Economics	Sales Executive	Single	236103	0	No	"Tuesday, June 21, 2022"	No	0	0	0	0
1389	Male	25	Frequent Traveller	Technology	39	NY	White	4	Computer Science	Software Engineer	Single	26545	1	Yes	"Tuesday, June 21, 2022"	Yes	0	0	0	0
1390	Female	30	Frequent Traveller	Technology	37	CA	White	1	Business Studies	Data Scientist	Single	109778	0	No	"Thursday, June 23, 2022"	Yes	0	0	0	0
1391	Male	18	Some Travel	Sales	9	IL	White	4	Marketing 	Sales Representative	Single	61582	0	No	"Friday, June 24, 2022"	No	0	0	0	0
1392	Male	20	Some Travel	Technology	4	CA	White	4	Information Systems	Data Scientist	Single	34954	0	No	"Friday, June 24, 2022"	No	0	0	0	0
1393	Male	18	Frequent Traveller	Sales	21	NY	White	4	Marketing	Sales Representative	Single	22889	1	No	"Saturday, June 25, 2022"	No	0	0	0	0
1394	Male	24	Some Travel	Technology	1	CA	White	4	Computer Science	Senior Software Engineer	Single	113262	0	No	"Thursday, June 30, 2022"	No	0	0	0	0
1395	Male	19	Some Travel	Technology	21	CA	White	1	Computer Science	Senior Software Engineer	Single	71551	1	Yes	"Friday, July 1, 2022"	No	0	0	0	0
1396	Female	20	No Travel 	Technology	12	CA	White	3	Information Systems	Software Engineer	Single	29329	0	No	"Sunday, July 3, 2022"	No	0	0	0	0
1397	Female	26	Some Travel	Technology	43	IL	White	3	Other	Machine Learning Engineer	Single	125232	1	No	"Thursday, July 7, 2022"	No	0	0	0	0
1398	Male	31	Some Travel	Technology	28	CA	White	4	Information Systems	Engineering Manager	Single	353335	1	Yes	"Thursday, July 7, 2022"	No	0	0	0	0
1399	Male	27	Some Travel	Technology	19	IL	White	4	Business Studies	Engineering Manager	Married	118176	1	No	"Thursday, July 14, 2022"	No	0	0	0	0
1400	Female	19	Some Travel	Technology	33	NY	White	3	Information Systems	Machine Learning Engineer	Single	53571	0	Yes	"Saturday, July 16, 2022"	No	0	0	0	0
1401	Male	29	Some Travel	Human Resources	41	NY	White	3	Human Resources	HR Executive	Married	142773	0	Yes	"Saturday, July 16, 2022"	No	0	0	0	0
1402	Female	19	Some Travel	Technology	43	CA	White	3	Information Systems	Data Scientist	Single	49006	1	No	"Monday, July 18, 2022"	Yes	0	0	0	0
1403	Female	31	No Travel 	Technology	38	CA	White	2	Information Systems	Machine Learning Engineer	Single	272255	1	No	"Wednesday, July 20, 2022"	No	0	0	0	0
1404	Non-Binary	20	Some Travel	Sales	43	CA	White	5	Marketing	Sales Executive	Married	39145	1	No	"Monday, July 25, 2022"	No	0	0	0	0
1405	Male	32	Some Travel	Sales	14	CA	White	3	Economics	Sales Executive	Married	173656	2	No	"Tuesday, July 26, 2022"	No	0	0	0	0
1406	Male	40	Some Travel	Technology	33	CA	White	3	Business Studies	Senior Software Engineer	Single	271683	1	Yes	"Tuesday, July 26, 2022"	No	0	0	0	0
1407	Male	21	Some Travel	Technology	19	IL	White	4	Computer Science	Data Scientist	Single	25255	0	No	"Monday, August 1, 2022"	Yes	0	0	0	0
1408	Non-Binary	19	Some Travel	Sales	38	CA	White	4	Marketing 	Sales Representative	Single	51132	0	Yes	"Tuesday, August 9, 2022"	No	0	0	0	0
1409	Male	19	Frequent Traveller	Sales	43	NY	White	1	Marketing 	Sales Executive	Single	65010	0	No	"Monday, August 15, 2022"	No	0	0	0	0
1410	Male	21	Some Travel	Technology	43	CA	White	3	Computer Science	Machine Learning Engineer	Married	59158	1	Yes	"Saturday, August 20, 2022"	No	0	0	0	0
1411	Female	20	Frequent Traveller	Technology	2	NY	White	1	Information Systems	Software Engineer	Married	38009	1	No	"Wednesday, August 24, 2022"	No	0	0	0	0
1412	Female	21	Frequent Traveller	Technology	27	NY	White	3	Information Systems	Data Scientist	Divorced	72355	2	No	"Wednesday, August 24, 2022"	No	0	0	0	0
1413	Female	21	Some Travel	Technology	22	CA	White	3	Information Systems	Data Scientist	Single	32456	0	No	"Wednesday, August 24, 2022"	No	0	0	0	0
1414	Male	19	Some Travel	Sales	43	CA	White	2	Marketing 	Sales Executive	Single	61811	1	No	"Friday, August 26, 2022"	No	0	0	0	0
1415	Male	19	Frequent Traveller	Sales	44	CA	White	3	Marketing	Sales Executive	Single	37645	1	No	"Saturday, August 27, 2022"	No	0	0	0	0
1416	Female	18	Frequent Traveller	Technology	8	CA	White	3	Computer Science	Software Engineer	Single	31894	0	Yes	"Wednesday, August 31, 2022"	Yes	0	0	0	0
1417	Male	26	Some Travel	Sales	11	CA	White	4	Marketing 	Sales Executive	Single	63478	1	No	"Wednesday, August 31, 2022"	No	0	0	0	0
1418	Female	18	Some Travel	Technology	20	CA	White	4	Computer Science	Machine Learning Engineer	Single	44770	1	No	"Friday, September 2, 2022"	No	0	0	0	0
1419	Male	40	Some Travel	Sales	36	NY	White	4	Marketing	Sales Executive	Divorced	194967	1	No	"Saturday, September 3, 2022"	No	0	0	0	0
1420	Female	18	Some Travel	Human Resources	22	CA	White	3	Marketing 	Recruiter	Single	31024	1	No	"Sunday, September 4, 2022"	No	0	0	0	0
1421	Male	31	Some Travel	Sales	19	CA	White	2	Marketing	Sales Executive	Married	96806	1	Yes	"Sunday, September 4, 2022"	No	0	0	0	0
1422	Female	19	Some Travel	Sales	15	NY	White	1	Marketing	Sales Representative	Single	44782	0	No	"Tuesday, September 6, 2022"	No	0	0	0	0
1423	Female	29	Some Travel	Technology	3	CA	White	2	Other	Software Engineer	Single	314181	1	Yes	"Tuesday, September 13, 2022"	No	0	0	0	0
1424	Male	32	No Travel 	Technology	5	CA	White	4	Computer Science	Data Scientist	Married	124429	1	No	"Tuesday, September 13, 2022"	No	0	0	0	0
1425	Male	20	Frequent Traveller	Sales	25	CA	White	4	Marketing	Sales Representative	Divorced	29872	1	No	"Friday, September 16, 2022"	No	0	0	0	0
1426	Female	35	Some Travel	Technology	44	NY	White	4	Computer Science	Data Scientist	Single	455643	1	Yes	"Wednesday, September 21, 2022"	No	0	0	0	0
1427	Male	34	Frequent Traveller	Technology	38	CA	White	5	Information Systems	Senior Software Engineer	Married	311310	1	Yes	"Wednesday, September 21, 2022"	No	0	0	0	0
1428	Female	21	Frequent Traveller	Technology	41	CA	White	2	Information Systems	Software Engineer	Married	23612	1	Yes	"Wednesday, September 28, 2022"	Yes	0	0	0	0
1429	Male	18	Frequent Traveller	Technology	25	NY	White	4	Information Systems	Data Scientist	Single	72639	0	No	"Wednesday, September 28, 2022"	No	0	0	0	0
1430	Male	20	Some Travel	Technology	23	NY	White	3	Business Studies	Software Engineer	Single	33632	0	No	"Wednesday, September 28, 2022"	Yes	0	0	0	0
1431	Female	24	Frequent Traveller	Technology	23	NY	White	4	Computer Science	Senior Software Engineer	Single	158437	1	No	"Monday, October 3, 2022"	No	0	0	0	0
1432	Female	32	Some Travel	Technology	8	CA	White	3	Information Systems	Senior Software Engineer	Married	111619	2	No	"Thursday, October 6, 2022"	No	0	0	0	0
1433	Female	19	Some Travel	Technology	15	CA	White	3	Information Systems	Software Engineer	Single	47707	0	No	"Friday, October 7, 2022"	No	0	0	0	0
1434	Female	32	Some Travel	Sales	14	NY	White	3	Marketing 	Sales Executive	Single	181293	0	No	"Saturday, October 8, 2022"	No	0	0	0	0
1435	Non-Binary	21	Some Travel	Technology	2	CA	White	4	Computer Science	Machine Learning Engineer	Single	69344	0	No	"Saturday, October 8, 2022"	No	0	0	0	0
1436	Female	32	Some Travel	Sales	31	NY	White	4	Marketing 	Sales Executive	Married	161538	2	Yes	"Monday, October 10, 2022"	No	0	0	0	0
1437	Female	39	Frequent Traveller	Human Resources	16	CA	White	3	Human Resources	HR Executive	Single	201564	3	Yes	"Wednesday, October 12, 2022"	Yes	0	0	0	0
1438	Male	19	Some Travel	Technology	29	IL	White	4	Other	Senior Software Engineer	Single	54824	0	Yes	"Wednesday, October 12, 2022"	No	0	0	0	0
1439	Female	18	Some Travel	Technology	15	NY	White	4	Information Systems	Data Scientist	Single	58262	1	No	"Friday, October 14, 2022"	No	0	0	0	0
1440	Male	19	Some Travel	Technology	23	CA	White	3	Computer Science	Senior Software Engineer	Single	67873	0	Yes	"Saturday, October 15, 2022"	No	0	0	0	0
1441	Female	19	Some Travel	Sales	1	CA	White	1	Economics	Sales Representative	Single	24499	0	Yes	"Monday, October 17, 2022"	No	0	0	0	0
1442	Female	20	Some Travel	Technology	32	IL	White	2	Information Systems	Data Scientist	Divorced	24504	1	No	"Wednesday, October 19, 2022"	No	0	0	0	0
1443	Female	19	Some Travel	Human Resources	20	NY	White	2	Economics	Recruiter	Single	21026	0	No	"Monday, October 24, 2022"	No	0	0	0	0
1444	Female	19	Frequent Traveller	Sales	35	CA	White	4	Marketing 	Sales Representative	Single	24959	1	No	"Tuesday, October 25, 2022"	Yes	0	0	0	0
1445	Non-Binary	18	Frequent Traveller	Sales	38	IL	Black or African American	1	Economics	Sales Executive	Single	59962	2	Yes	"Saturday, October 29, 2022"	No	0	0	0	0
1446	Female	20	Some Travel	Technology	45	IL	Black or African American	2	Information Systems	Senior Software Engineer	Married	41877	0	No	"Wednesday, November 2, 2022"	Yes	0	0	0	0
1447	Female	21	No Travel 	Sales	6	CA	Black or African American	4	Other	Sales Executive	Married	43259	0	No	"Thursday, November 3, 2022"	Yes	0	0	0	0
1448	Female	29	Some Travel	Technology	25	CA	Black or African American	2	Information Systems	Analytics Manager	Single	374977	1	No	"Thursday, November 3, 2022"	No	0	0	0	0
1449	Female	19	Some Travel	Technology	11	CA	Black or African American	4	Computer Science	Software Engineer	Single	27760	3	Yes	"Sunday, November 6, 2022"	Yes	0	0	0	0
1450	Male	33	Frequent Traveller	Technology	29	CA	Black or African American	3	Computer Science	Machine Learning Engineer	Married	240197	1	No	"Tuesday, November 8, 2022"	No	0	0	0	0
1451	Female	33	Frequent Traveller	Technology	5	IL	Black or African American	2	Computer Science	Machine Learning Engineer	Single	249325	0	No	"Wednesday, November 9, 2022"	No	0	0	0	0
1452	Non-Binary	23	Some Travel	Technology	30	NY	Black or African American	4	Information Systems	Machine Learning Engineer	Single	96942	1	No	"Friday, November 11, 2022"	No	0	0	0	0
1453	Female	18	Some Travel	Technology	14	IL	Black or African American	1	Computer Science	Data Scientist	Single	28246	1	No	"Sunday, November 13, 2022"	No	0	0	0	0
1454	Prefer Not To Say	31	Frequent Traveller	Technology	12	NY	Black or African American	2	Computer Science	Software Engineer	Divorced	103429	1	No	"Sunday, November 20, 2022"	No	0	0	0	0
1455	Female	29	Some Travel	Technology	30	CA	Black or African American	4	Business Studies	Machine Learning Engineer	Single	220896	0	No	"Tuesday, November 22, 2022"	No	0	0	0	0
1456	Male	21	Some Travel	Technology	34	CA	Black or African American	4	Information Systems	Software Engineer	Single	61758	0	No	"Tuesday, November 22, 2022"	Yes	0	0	0	0
1457	Male	30	No Travel 	Technology	25	CA	Black or African American	3	Information Systems	Machine Learning Engineer	Single	248259	0	No	"Thursday, November 24, 2022"	No	0	0	0	0
1458	Female	20	Some Travel	Sales	32	CA	Black or African American	2	Marketing	Sales Representative	Married	38532	3	Yes	"Saturday, December 3, 2022"	Yes	0	0	0	0
1459	Male	19	Frequent Traveller	Technology	26	CA	Black or African American	3	Information Systems	Software Engineer	Single	27474	0	No	"Thursday, December 8, 2022"	No	0	0	0	0
1460	Female	19	Some Travel	Technology	2	CA	Black or African American	3	Computer Science	Data Scientist	Single	26973	0	No	"Sunday, December 11, 2022"	No	0	0	0	0
1461	Non-Binary	19	Some Travel	Technology	5	CA	Black or African American	2	Computer Science	Software Engineer	Single	35372	3	No	"Wednesday, December 14, 2022"	No	0	0	0	0
1462	Prefer Not To Say	19	Some Travel	Technology	35	NY	Black or African American	3	Information Systems	Data Scientist	Single	39722	1	No	"Thursday, December 15, 2022"	No	0	0	0	0
1463	Female	20	No Travel 	Technology	13	CA	Black or African American	4	Business Studies	Software Engineer	Married	42097	1	No	"Sunday, December 18, 2022"	No	0	0	0	0
1464	Male	40	Some Travel	Technology	30	NY	Black or African American	3	Information Systems	Senior Software Engineer	Married	291663	0	No	"Sunday, December 18, 2022"	No	0	0	0	0
1465	Female	23	Some Travel	Sales	43	CA	Black or African American	5	Marketing 	Sales Executive	Single	121414	0	No	"Wednesday, December 21, 2022"	No	0	0	0	0
1466	Male	20	Some Travel	Technology	28	CA	Black or African American	2	Computer Science	Software Engineer	Single	38508	0	No	"Monday, December 26, 2022"	No	0	0	0	0
1467	Non-Binary	27	Some Travel	Technology	8	CA	Black or African American	3	Business Studies	Senior Software Engineer	Single	92995	3	No	"Friday, December 30, 2022"	No	0	0	0	0
1468	Male	21	Some Travel	Sales	4	CA	Black or African American	4	Marketing	Sales Executive	Single	63375	0	No	"Friday, December 30, 2022"	No	0	0	0	0
1469	Male	21	Some Travel	Technology	7	CA	Black or African American	3	Information Systems	Data Scientist	Married	46521	0	No	"Friday, December 30, 2022"	No	0	0	0	0
1470	Female	20	No Travel 	Technology	28	CA	Black or African American	2	Computer Science	Data Scientist	Married	38258	0	No	"Saturday, December 31, 2022"	No	0	0	0	0
